Date,Ticker,Close
04-28-2013,BTC,135.3
04-29-2013,BTC,141.96
04-30-2013,BTC,135.3
05-01-2013,BTC,117.0
05-02-2013,BTC,103.43
05-03-2013,BTC,91.01
05-04-2013,BTC,111.25
05-05-2013,BTC,116.79
05-06-2013,BTC,118.33
05-07-2013,BTC,106.4
05-08-2013,BTC,112.64
05-09-2013,BTC,113.0
05-10-2013,BTC,118.78
05-11-2013,BTC,113.01
05-12-2013,BTC,114.71
05-13-2013,BTC,117.18
05-14-2013,BTC,114.5
05-15-2013,BTC,114.16
05-16-2013,BTC,115.5
05-17-2013,BTC,123.1
05-18-2013,BTC,123.88
05-19-2013,BTC,120.5
05-20-2013,BTC,122.58
05-21-2013,BTC,122.9
05-22-2013,BTC,123.0
05-23-2013,BTC,125.75
05-24-2013,BTC,131.7
05-25-2013,BTC,130.77
05-26-2013,BTC,134.6
05-27-2013,BTC,128.99
05-28-2013,BTC,129.18
05-29-2013,BTC,132.13
05-30-2013,BTC,127.4
05-31-2013,BTC,127.98
06-01-2013,BTC,129.09
06-02-2013,BTC,121.3
06-03-2013,BTC,121.16
06-05-2013,BTC,121.31
06-06-2013,BTC,121.71
06-07-2013,BTC,119.0
06-08-2013,BTC,110.09
06-09-2013,BTC,108.4
06-10-2013,BTC,99.75
06-11-2013,BTC,105.99
06-12-2013,BTC,108.9
06-13-2013,BTC,108.4
06-14-2013,BTC,102.77
06-15-2013,BTC,98.4
06-16-2013,BTC,99.99
06-17-2013,BTC,100.42
06-18-2013,BTC,102.0
06-19-2013,BTC,106.55
06-20-2013,BTC,107.9
06-21-2013,BTC,110.91
06-22-2013,BTC,109.02
06-23-2013,BTC,107.25
06-24-2013,BTC,108.0
06-25-2013,BTC,102.44
06-26-2013,BTC,103.69
06-27-2013,BTC,103.39
06-28-2013,BTC,99.66
06-29-2013,BTC,93.33
06-30-2013,BTC,95.39
07-01-2013,BTC,97.5
07-02-2013,BTC,89.49
07-03-2013,BTC,90.8
07-04-2013,BTC,78.8
07-05-2013,BTC,78.48
07-06-2013,BTC,67.81
07-07-2013,BTC,68.08
07-08-2013,BTC,77.5
07-09-2013,BTC,76.39
07-10-2013,BTC,77.0
07-11-2013,BTC,85.75
07-12-2013,BTC,93.8
07-13-2013,BTC,88.06
07-14-2013,BTC,95.58
07-15-2013,BTC,94.0
07-16-2013,BTC,97.3
07-17-2013,BTC,98.98
07-18-2013,BTC,97.8
07-19-2013,BTC,88.79
07-20-2013,BTC,91.57
07-21-2013,BTC,89.28
07-22-2013,BTC,90.37
07-23-2013,BTC,91.7
07-24-2013,BTC,94.58
07-25-2013,BTC,94.52
07-26-2013,BTC,96.95
07-27-2013,BTC,94.13
07-28-2013,BTC,94.0
07-29-2013,BTC,98.58
07-30-2013,BTC,101.5
07-31-2013,BTC,110.34
08-01-2013,BTC,106.23
08-02-2013,BTC,101.61
08-03-2013,BTC,103.7
08-04-2013,BTC,104.86
08-05-2013,BTC,106.56
08-06-2013,BTC,105.84
08-07-2013,BTC,106.75
08-08-2013,BTC,101.67
08-09-2013,BTC,103.4
08-10-2013,BTC,102.71
08-11-2013,BTC,103.77
08-12-2013,BTC,105.18
08-13-2013,BTC,106.07
08-14-2013,BTC,111.62
08-15-2013,BTC,111.87
08-16-2013,BTC,109.87
08-17-2013,BTC,112.74
08-18-2013,BTC,114.4
08-19-2013,BTC,118.78
08-20-2013,BTC,120.5
08-21-2013,BTC,121.51
08-22-2013,BTC,122.5
08-23-2013,BTC,120.0
08-24-2013,BTC,120.44
08-25-2013,BTC,122.0
08-26-2013,BTC,122.04
08-27-2013,BTC,125.67
08-28-2013,BTC,123.02
08-29-2013,BTC,123.44
08-30-2013,BTC,129.2
08-31-2013,BTC,137.76
09-01-2013,BTC,138.17
09-02-2013,BTC,137.17
09-03-2013,BTC,137.51
09-04-2013,BTC,135.21
09-05-2013,BTC,129.96
09-06-2013,BTC,126.13
09-07-2013,BTC,123.73
09-08-2013,BTC,121.77
09-09-2013,BTC,126.4
09-10-2013,BTC,127.78
09-11-2013,BTC,131.65
09-12-2013,BTC,134.22
09-13-2013,BTC,135.05
09-14-2013,BTC,131.39
09-15-2013,BTC,129.95
09-16-2013,BTC,131.48
09-17-2013,BTC,131.31
09-18-2013,BTC,132.06
09-19-2013,BTC,130.23
09-20-2013,BTC,128.57
09-21-2013,BTC,126.78
09-22-2013,BTC,128.37
09-23-2013,BTC,126.73
09-24-2013,BTC,126.09
09-25-2013,BTC,127.99
09-26-2013,BTC,128.02
09-27-2013,BTC,131.84
09-28-2013,BTC,133.93
09-29-2013,BTC,140.28
09-30-2013,BTC,131.65
10-01-2013,BTC,132.55
10-02-2013,BTC,132.04
10-03-2013,BTC,123.07
10-04-2013,BTC,128.26
10-05-2013,BTC,129.57
10-06-2013,BTC,127.56
10-07-2013,BTC,128.38
10-08-2013,BTC,125.72
10-09-2013,BTC,130.9
10-10-2013,BTC,129.68
10-11-2013,BTC,130.27
10-12-2013,BTC,135.35
10-13-2013,BTC,135.48
10-14-2013,BTC,140.48
10-15-2013,BTC,143.89
10-16-2013,BTC,143.61
10-17-2013,BTC,146.15
10-18-2013,BTC,151.34
10-19-2013,BTC,170.51
10-20-2013,BTC,172.01
10-21-2013,BTC,181.41
10-22-2013,BTC,193.45
10-23-2013,BTC,206.78
10-24-2013,BTC,198.8
10-25-2013,BTC,172.48
10-26-2013,BTC,178.96
10-27-2013,BTC,189.83
10-28-2013,BTC,198.55
10-29-2013,BTC,204.39
10-30-2013,BTC,204.2
10-31-2013,BTC,203.88
11-01-2013,BTC,205.26
11-02-2013,BTC,206.89
11-03-2013,BTC,212.45
11-04-2013,BTC,226.28
11-05-2013,BTC,230.63
11-06-2013,BTC,260.85
11-07-2013,BTC,295.63
11-08-2013,BTC,332.02
11-09-2013,BTC,358.0
11-10-2013,BTC,313.0
11-11-2013,BTC,340.55
11-12-2013,BTC,355.48
11-13-2013,BTC,404.17
11-14-2013,BTC,408.84
11-15-2013,BTC,424.16
11-16-2013,BTC,437.41
11-17-2013,BTC,488.36
11-18-2013,BTC,580.87
11-19-2013,BTC,614.4
11-20-2013,BTC,565.34
11-21-2013,BTC,675.06
11-22-2013,BTC,731.15
11-23-2013,BTC,819.31
11-24-2013,BTC,764.43
11-25-2013,BTC,793.07
11-26-2013,BTC,832.93
11-27-2013,BTC,914.13
11-28-2013,BTC,979.08
11-29-2013,BTC,1101.83
11-30-2013,BTC,1127.45
12-01-2013,BTC,1033.39
12-02-2013,BTC,974.03
12-03-2013,BTC,1078.64
12-04-2013,BTC,1121.48
12-05-2013,BTC,989.04
12-06-2013,BTC,1019.66
12-07-2013,BTC,811.98
12-08-2013,BTC,743.11
12-09-2013,BTC,897.89
12-10-2013,BTC,927.78
12-11-2013,BTC,887.08
12-12-2013,BTC,878.17
12-13-2013,BTC,897.27
12-14-2013,BTC,866.99
12-15-2013,BTC,854.62
12-16-2013,BTC,789.15
12-17-2013,BTC,691.65
12-18-2013,BTC,559.36
12-19-2013,BTC,677.84
12-20-2013,BTC,694.25
12-21-2013,BTC,596.12
12-22-2013,BTC,650.27
12-23-2013,BTC,645.75
12-24-2013,BTC,659.94
12-25-2013,BTC,668.74
12-26-2013,BTC,734.59
12-27-2013,BTC,734.27
12-28-2013,BTC,738.81
12-29-2013,BTC,726.47
12-30-2013,BTC,760.52
12-31-2013,BTC,755.16
01-01-2014,BTC,767.74
01-02-2014,BTC,772.53
01-03-2014,BTC,825.47
01-04-2014,BTC,849.14
01-05-2014,BTC,919.41
01-06-2014,BTC,936.38
01-07-2014,BTC,826.5
01-08-2014,BTC,838.32
01-09-2014,BTC,853.29
01-10-2014,BTC,863.3
01-11-2014,BTC,905.72
01-12-2014,BTC,867.45
01-13-2014,BTC,840.96
01-14-2014,BTC,838.05
01-15-2014,BTC,860.44
01-16-2014,BTC,837.98
01-17-2014,BTC,812.9
01-18-2014,BTC,840.0
01-19-2014,BTC,838.17
01-20-2014,BTC,869.15
01-21-2014,BTC,869.57
01-22-2014,BTC,865.03
01-23-2014,BTC,846.97
01-24-2014,BTC,808.32
01-25-2014,BTC,804.39
01-26-2014,BTC,853.51
01-27-2014,BTC,891.86
01-28-2014,BTC,777.0
01-29-2014,BTC,816.85
01-30-2014,BTC,817.17
01-31-2014,BTC,817.93
02-01-2014,BTC,832.52
02-02-2014,BTC,836.41
02-03-2014,BTC,813.38
02-04-2014,BTC,832.36
02-05-2014,BTC,830.92
02-06-2014,BTC,805.08
02-07-2014,BTC,721.32
02-08-2014,BTC,701.61
02-09-2014,BTC,672.07
02-10-2014,BTC,689.65
02-11-2014,BTC,697.76
02-12-2014,BTC,655.26
02-13-2014,BTC,651.91
02-14-2014,BTC,623.57
02-15-2014,BTC,644.1
02-16-2014,BTC,613.85
02-17-2014,BTC,645.14
02-18-2014,BTC,625.01
02-19-2014,BTC,620.99
02-20-2014,BTC,593.89
02-21-2014,BTC,582.75
02-22-2014,BTC,571.06
02-23-2014,BTC,622.97
02-24-2014,BTC,572.39
02-25-2014,BTC,489.31
02-26-2014,BTC,567.25
02-27-2014,BTC,586.28
02-28-2014,BTC,567.2
03-01-2014,BTC,560.11
03-02-2014,BTC,561.35
03-03-2014,BTC,585.79
03-04-2014,BTC,675.0
03-05-2014,BTC,658.24
03-06-2014,BTC,654.55
03-07-2014,BTC,617.62
03-08-2014,BTC,610.37
03-09-2014,BTC,636.17
03-10-2014,BTC,621.17
03-11-2014,BTC,624.23
03-12-2014,BTC,638.07
03-13-2014,BTC,639.03
03-14-2014,BTC,629.67
03-15-2014,BTC,638.07
03-16-2014,BTC,629.55
03-17-2014,BTC,623.71
03-18-2014,BTC,612.62
03-19-2014,BTC,610.64
03-20-2014,BTC,592.07
03-21-2014,BTC,582.3
03-22-2014,BTC,561.22
03-23-2014,BTC,567.78
03-24-2014,BTC,571.42
03-25-2014,BTC,582.55
03-26-2014,BTC,584.44
03-27-2014,BTC,567.64
03-28-2014,BTC,503.66
03-29-2014,BTC,502.3
03-30-2014,BTC,469.94
03-31-2014,BTC,457.4
04-01-2014,BTC,478.72
04-02-2014,BTC,437.52
04-03-2014,BTC,447.08
04-04-2014,BTC,448.88
04-05-2014,BTC,464.83
04-06-2014,BTC,460.7
04-07-2014,BTC,457.79
04-08-2014,BTC,450.46
04-09-2014,BTC,440.2
04-10-2014,BTC,360.84
04-11-2014,BTC,420.06
04-12-2014,BTC,420.66
04-13-2014,BTC,414.95
04-14-2014,BTC,457.63
04-15-2014,BTC,520.12
04-16-2014,BTC,529.16
04-17-2014,BTC,494.4
04-18-2014,BTC,478.23
04-19-2014,BTC,501.55
04-20-2014,BTC,497.32
04-21-2014,BTC,492.67
04-22-2014,BTC,484.85
04-23-2014,BTC,487.52
04-24-2014,BTC,494.27
04-25-2014,BTC,458.81
04-26-2014,BTC,453.8
04-27-2014,BTC,437.92
04-28-2014,BTC,436.92
04-29-2014,BTC,443.27
04-30-2014,BTC,445.0
05-01-2014,BTC,455.09
05-02-2014,BTC,443.47
05-03-2014,BTC,434.03
05-04-2014,BTC,433.94
05-05-2014,BTC,429.08
05-06-2014,BTC,426.76
05-07-2014,BTC,439.3
05-08-2014,BTC,437.36
05-09-2014,BTC,447.49
05-10-2014,BTC,452.5
05-11-2014,BTC,436.28
05-12-2014,BTC,439.19
05-13-2014,BTC,437.3
05-14-2014,BTC,444.25
05-15-2014,BTC,444.25
05-16-2014,BTC,445.16
05-17-2014,BTC,445.85
05-18-2014,BTC,444.21
05-19-2014,BTC,443.87
05-20-2014,BTC,483.42
05-21-2014,BTC,488.77
05-22-2014,BTC,522.61
05-23-2014,BTC,524.48
05-24-2014,BTC,523.11
05-25-2014,BTC,569.38
05-26-2014,BTC,579.62
05-27-2014,BTC,569.48
05-28-2014,BTC,571.55
05-29-2014,BTC,565.26
05-30-2014,BTC,621.15
05-31-2014,BTC,620.5
06-01-2014,BTC,640.16
06-02-2014,BTC,656.41
06-03-2014,BTC,667.37
06-04-2014,BTC,641.18
06-05-2014,BTC,658.1
06-06-2014,BTC,648.63
06-07-2014,BTC,651.71
06-08-2014,BTC,649.9
06-09-2014,BTC,643.9
06-10-2014,BTC,649.06
06-11-2014,BTC,630.04
06-12-2014,BTC,567.17
06-13-2014,BTC,594.68
06-14-2014,BTC,570.0
06-15-2014,BTC,583.41
06-16-2014,BTC,592.52
06-17-2014,BTC,607.16
06-18-2014,BTC,604.19
06-19-2014,BTC,593.39
06-20-2014,BTC,590.05
06-21-2014,BTC,591.26
06-22-2014,BTC,595.04
06-23-2014,BTC,586.15
06-24-2014,BTC,582.41
06-25-2014,BTC,561.47
06-26-2014,BTC,579.59
06-27-2014,BTC,598.24
06-28-2014,BTC,594.87
06-29-2014,BTC,598.49
06-30-2014,BTC,637.75
07-01-2014,BTC,643.94
07-02-2014,BTC,648.11
07-03-2014,BTC,640.28
07-04-2014,BTC,627.13
07-05-2014,BTC,627.58
07-06-2014,BTC,631.0
07-07-2014,BTC,619.5
07-08-2014,BTC,620.05
07-09-2014,BTC,620.16
07-10-2014,BTC,615.13
07-11-2014,BTC,630.84
07-12-2014,BTC,633.64
07-13-2014,BTC,627.46
07-14-2014,BTC,618.21
07-15-2014,BTC,618.95
07-16-2014,BTC,614.15
07-17-2014,BTC,622.9
07-18-2014,BTC,627.02
07-19-2014,BTC,626.18
07-20-2014,BTC,620.51
07-21-2014,BTC,619.91
07-22-2014,BTC,619.01
07-23-2014,BTC,617.94
07-24-2014,BTC,599.81
07-25-2014,BTC,600.1
07-26-2014,BTC,593.78
07-27-2014,BTC,590.38
07-28-2014,BTC,585.28
07-29-2014,BTC,581.71
07-30-2014,BTC,560.79
07-31-2014,BTC,583.18
08-01-2014,BTC,593.87
08-02-2014,BTC,588.23
08-03-2014,BTC,585.57
08-04-2014,BTC,586.37
08-05-2014,BTC,582.42
08-06-2014,BTC,583.32
08-07-2014,BTC,587.2
08-08-2014,BTC,590.91
08-09-2014,BTC,588.11
08-10-2014,BTC,588.5
08-11-2014,BTC,573.41
08-12-2014,BTC,567.4
08-13-2014,BTC,543.67
08-14-2014,BTC,503.71
08-15-2014,BTC,492.28
08-16-2014,BTC,521.05
08-17-2014,BTC,494.78
08-18-2014,BTC,459.89
08-19-2014,BTC,484.15
08-20-2014,BTC,514.19
08-21-2014,BTC,515.6
08-22-2014,BTC,515.83
08-23-2014,BTC,496.57
08-24-2014,BTC,508.11
08-25-2014,BTC,500.39
08-26-2014,BTC,510.64
08-27-2014,BTC,510.45
08-28-2014,BTC,506.92
08-29-2014,BTC,508.1
08-30-2014,BTC,501.53
08-31-2014,BTC,480.03
09-01-2014,BTC,475.82
09-02-2014,BTC,474.69
09-03-2014,BTC,474.73
09-04-2014,BTC,489.55
09-05-2014,BTC,480.24
09-06-2014,BTC,482.36
09-07-2014,BTC,480.6
09-08-2014,BTC,471.13
09-09-2014,BTC,471.75
09-10-2014,BTC,477.11
09-11-2014,BTC,476.38
09-12-2014,BTC,473.69
09-13-2014,BTC,476.0
09-14-2014,BTC,474.8
09-15-2014,BTC,473.03
09-16-2014,BTC,462.59
09-17-2014,BTC,454.62
09-18-2014,BTC,423.56
09-19-2014,BTC,393.26
09-20-2014,BTC,408.5
09-21-2014,BTC,396.62
09-22-2014,BTC,398.31
09-23-2014,BTC,433.75
09-24-2014,BTC,420.92
09-25-2014,BTC,407.98
09-26-2014,BTC,402.88
09-27-2014,BTC,398.01
09-28-2014,BTC,375.99
09-29-2014,BTC,373.09
09-30-2014,BTC,387.35
10-01-2014,BTC,380.89
10-02-2014,BTC,371.84
10-03-2014,BTC,356.19
10-04-2014,BTC,327.88
10-05-2014,BTC,325.11
10-06-2014,BTC,328.73
10-07-2014,BTC,331.72
10-08-2014,BTC,353.39
10-09-2014,BTC,358.4
10-10-2014,BTC,357.55
10-11-2014,BTC,359.52
10-12-2014,BTC,374.17
10-13-2014,BTC,387.04
10-14-2014,BTC,398.29
10-15-2014,BTC,392.19
10-16-2014,BTC,379.39
10-17-2014,BTC,380.29
10-18-2014,BTC,389.12
10-19-2014,BTC,386.94
10-20-2014,BTC,379.77
10-21-2014,BTC,382.41
10-22-2014,BTC,379.44
10-23-2014,BTC,356.2
10-24-2014,BTC,354.32
10-25-2014,BTC,347.03
10-26-2014,BTC,350.19
10-27-2014,BTC,348.29
10-28-2014,BTC,351.56
10-29-2014,BTC,333.15
10-30-2014,BTC,343.67
10-31-2014,BTC,336.59
11-01-2014,BTC,323.98
11-02-2014,BTC,323.98
11-03-2014,BTC,324.0
11-04-2014,BTC,328.01
11-05-2014,BTC,337.59
11-06-2014,BTC,347.82
11-07-2014,BTC,341.23
11-08-2014,BTC,344.18
11-09-2014,BTC,363.42
11-10-2014,BTC,363.76
11-11-2014,BTC,366.15
11-12-2014,BTC,418.58
11-13-2014,BTC,414.71
11-14-2014,BTC,395.24
11-15-2014,BTC,377.33
11-16-2014,BTC,387.62
11-17-2014,BTC,384.9
11-18-2014,BTC,374.87
11-19-2014,BTC,376.79
11-20-2014,BTC,355.39
11-21-2014,BTC,349.39
11-22-2014,BTC,351.55
11-23-2014,BTC,366.78
11-24-2014,BTC,377.74
11-25-2014,BTC,375.25
11-26-2014,BTC,365.77
11-27-2014,BTC,368.45
11-28-2014,BTC,376.95
11-29-2014,BTC,374.96
11-30-2014,BTC,376.47
12-01-2014,BTC,379.49
12-02-2014,BTC,381.38
12-03-2014,BTC,374.1
12-04-2014,BTC,368.23
12-05-2014,BTC,376.38
12-06-2014,BTC,373.67
12-07-2014,BTC,374.45
12-08-2014,BTC,361.43
12-09-2014,BTC,350.93
12-10-2014,BTC,346.98
12-11-2014,BTC,346.91
12-12-2014,BTC,351.5
12-13-2014,BTC,347.48
12-14-2014,BTC,350.13
12-15-2014,BTC,344.62
12-16-2014,BTC,328.53
12-17-2014,BTC,318.83
12-18-2014,BTC,309.76
12-19-2014,BTC,317.54
12-20-2014,BTC,328.77
12-21-2014,BTC,319.5
12-22-2014,BTC,329.89
12-23-2014,BTC,333.97
12-24-2014,BTC,322.19
12-25-2014,BTC,318.17
12-26-2014,BTC,327.72
12-27-2014,BTC,314.57
12-28-2014,BTC,316.49
12-29-2014,BTC,312.63
12-30-2014,BTC,310.08
12-31-2014,BTC,317.38
01-01-2015,BTC,313.99
01-02-2015,BTC,314.45
01-03-2015,BTC,286.57
01-04-2015,BTC,260.94
01-05-2015,BTC,273.22
01-06-2015,BTC,285.37
01-07-2015,BTC,295.87
01-08-2015,BTC,284.45
01-09-2015,BTC,289.57
01-10-2015,BTC,274.53
01-11-2015,BTC,267.18
01-12-2015,BTC,268.35
01-13-2015,BTC,221.44
01-14-2015,BTC,172.15
01-15-2015,BTC,210.56
01-16-2015,BTC,205.82
01-17-2015,BTC,199.49
01-18-2015,BTC,208.99
01-19-2015,BTC,214.54
01-20-2015,BTC,210.51
01-21-2015,BTC,224.05
01-22-2015,BTC,232.04
01-23-2015,BTC,232.9
01-24-2015,BTC,248.1
01-25-2015,BTC,253.84
01-26-2015,BTC,271.29
01-27-2015,BTC,259.24
01-29-2015,BTC,232.53
01-30-2015,BTC,228.64
01-31-2015,BTC,218.02
02-01-2015,BTC,226.27
02-02-2015,BTC,240.02
02-03-2015,BTC,226.01
02-04-2015,BTC,225.31
02-05-2015,BTC,216.91
02-06-2015,BTC,222.49
02-07-2015,BTC,227.21
02-08-2015,BTC,222.91
02-09-2015,BTC,220.09
02-10-2015,BTC,220.65
02-11-2015,BTC,219.1
02-12-2015,BTC,222.04
02-13-2015,BTC,235.68
02-14-2015,BTC,259.01
02-15-2015,BTC,233.0
02-16-2015,BTC,235.92
02-17-2015,BTC,242.46
02-18-2015,BTC,234.62
02-19-2015,BTC,240.3
02-20-2015,BTC,244.08
02-21-2015,BTC,244.15
02-22-2015,BTC,235.55
02-23-2015,BTC,238.13
02-24-2015,BTC,238.73
02-25-2015,BTC,237.38
02-26-2015,BTC,236.17
02-27-2015,BTC,253.9
02-28-2015,BTC,253.6
03-01-2015,BTC,257.71
03-02-2015,BTC,269.96
03-03-2015,BTC,280.62
03-04-2015,BTC,273.02
03-05-2015,BTC,274.83
03-06-2015,BTC,272.34
03-07-2015,BTC,275.58
03-08-2015,BTC,274.58
03-09-2015,BTC,289.3
03-10-2015,BTC,290.31
03-11-2015,BTC,295.96
03-12-2015,BTC,293.92
03-13-2015,BTC,288.04
03-14-2015,BTC,281.49
03-15-2015,BTC,285.26
03-16-2015,BTC,290.1
03-17-2015,BTC,284.35
03-18-2015,BTC,255.61
03-19-2015,BTC,260.0
03-20-2015,BTC,260.91
03-21-2015,BTC,259.49
03-22-2015,BTC,267.8
03-23-2015,BTC,266.03
03-24-2015,BTC,245.17
03-25-2015,BTC,246.27
03-26-2015,BTC,247.56
03-27-2015,BTC,247.15
03-28-2015,BTC,252.05
03-29-2015,BTC,241.91
03-30-2015,BTC,246.54
03-31-2015,BTC,243.27
04-01-2015,BTC,246.78
04-02-2015,BTC,252.34
04-03-2015,BTC,253.62
04-04-2015,BTC,253.32
04-05-2015,BTC,259.71
04-06-2015,BTC,255.42
04-07-2015,BTC,253.21
04-08-2015,BTC,244.27
04-09-2015,BTC,243.2
04-10-2015,BTC,234.53
04-11-2015,BTC,236.45
04-12-2015,BTC,235.74
04-13-2015,BTC,223.95
04-14-2015,BTC,218.0
04-15-2015,BTC,223.02
04-16-2015,BTC,228.0
04-17-2015,BTC,222.42
04-18-2015,BTC,222.95
04-19-2015,BTC,222.68
04-20-2015,BTC,224.31
04-21-2015,BTC,234.69
04-22-2015,BTC,233.78
04-23-2015,BTC,235.17
04-24-2015,BTC,230.99
04-25-2015,BTC,225.96
04-26-2015,BTC,218.51
04-27-2015,BTC,228.57
04-28-2015,BTC,225.64
04-29-2015,BTC,226.0
04-30-2015,BTC,236.22
05-01-2015,BTC,232.74
05-02-2015,BTC,235.16
05-03-2015,BTC,239.88
05-04-2015,BTC,238.97
05-05-2015,BTC,236.0
05-06-2015,BTC,229.82
05-07-2015,BTC,236.85
05-08-2015,BTC,243.66
05-09-2015,BTC,241.53
05-10-2015,BTC,239.55
05-11-2015,BTC,241.85
05-12-2015,BTC,241.52
05-13-2015,BTC,235.48
05-14-2015,BTC,236.7
05-15-2015,BTC,236.99
05-16-2015,BTC,235.98
05-17-2015,BTC,236.08
05-18-2015,BTC,232.48
05-19-2015,BTC,231.94
05-20-2015,BTC,234.05
05-21-2015,BTC,235.42
05-22-2015,BTC,240.94
05-23-2015,BTC,239.03
05-24-2015,BTC,241.24
05-25-2015,BTC,237.44
05-26-2015,BTC,237.5
05-27-2015,BTC,237.23
05-28-2015,BTC,237.49
05-29-2015,BTC,237.07
05-30-2015,BTC,233.46
05-31-2015,BTC,229.68
06-01-2015,BTC,223.32
06-02-2015,BTC,225.74
06-03-2015,BTC,225.48
06-04-2015,BTC,224.17
06-05-2015,BTC,224.74
06-06-2015,BTC,225.29
06-07-2015,BTC,223.62
06-08-2015,BTC,228.7
06-09-2015,BTC,229.53
06-10-2015,BTC,229.0
06-11-2015,BTC,229.93
06-12-2015,BTC,230.52
06-13-2015,BTC,232.63
06-14-2015,BTC,233.67
06-15-2015,BTC,237.2
06-16-2015,BTC,250.47
06-17-2015,BTC,247.69
06-18-2015,BTC,248.55
06-19-2015,BTC,243.0
06-20-2015,BTC,245.48
06-21-2015,BTC,244.0
06-22-2015,BTC,247.28
06-23-2015,BTC,243.85
06-24-2015,BTC,240.54
06-25-2015,BTC,242.48
06-26-2015,BTC,242.48
06-27-2015,BTC,250.62
06-28-2015,BTC,248.35
06-29-2015,BTC,256.3
06-30-2015,BTC,262.41
07-01-2015,BTC,257.51
07-02-2015,BTC,254.65
07-03-2015,BTC,255.16
07-04-2015,BTC,260.42
07-05-2015,BTC,271.04
07-06-2015,BTC,268.6
07-07-2015,BTC,265.38
07-08-2015,BTC,269.61
07-09-2015,BTC,268.89
07-10-2015,BTC,285.02
07-11-2015,BTC,291.89
07-12-2015,BTC,310.19
07-13-2015,BTC,290.67
07-14-2015,BTC,286.67
07-15-2015,BTC,283.95
07-16-2015,BTC,276.68
07-17-2015,BTC,278.37
07-18-2015,BTC,274.48
07-19-2015,BTC,272.81
07-20-2015,BTC,277.25
07-21-2015,BTC,274.94
07-22-2015,BTC,276.18
07-23-2015,BTC,275.61
07-24-2015,BTC,288.44
07-25-2015,BTC,288.39
07-26-2015,BTC,291.7
07-27-2015,BTC,292.61
07-28-2015,BTC,293.99
07-29-2015,BTC,288.72
07-30-2015,BTC,286.84
07-31-2015,BTC,283.68
08-01-2015,BTC,280.7
08-02-2015,BTC,281.73
08-03-2015,BTC,281.83
08-04-2015,BTC,284.24
08-05-2015,BTC,281.4
08-06-2015,BTC,278.01
08-07-2015,BTC,278.51
08-08-2015,BTC,259.8
08-09-2015,BTC,264.34
08-10-2015,BTC,263.58
08-11-2015,BTC,269.87
08-12-2015,BTC,267.71
08-13-2015,BTC,263.66
08-14-2015,BTC,265.13
08-15-2015,BTC,260.48
08-16-2015,BTC,257.82
08-17-2015,BTC,257.06
08-18-2015,BTC,253.08
08-19-2015,BTC,225.96
08-20-2015,BTC,234.64
08-21-2015,BTC,232.33
08-22-2015,BTC,229.15
08-23-2015,BTC,227.25
08-24-2015,BTC,210.09
08-25-2015,BTC,221.33
08-26-2015,BTC,225.27
08-27-2015,BTC,222.97
08-28-2015,BTC,231.66
08-29-2015,BTC,228.47
08-30-2015,BTC,228.07
08-31-2015,BTC,230.08
09-01-2015,BTC,227.16
09-02-2015,BTC,228.64
09-03-2015,BTC,226.57
09-04-2015,BTC,230.05
09-05-2015,BTC,234.75
09-06-2015,BTC,239.13
09-07-2015,BTC,240.5
09-08-2015,BTC,243.56
09-09-2015,BTC,237.95
09-10-2015,BTC,238.78
09-11-2015,BTC,240.0
09-12-2015,BTC,234.91
09-13-2015,BTC,230.5
09-14-2015,BTC,230.21
09-15-2015,BTC,229.91
09-16-2015,BTC,228.46
09-17-2015,BTC,232.75
09-18-2015,BTC,232.35
09-19-2015,BTC,231.27
09-20-2015,BTC,230.66
09-21-2015,BTC,226.45
09-22-2015,BTC,229.88
09-23-2015,BTC,229.87
09-24-2015,BTC,233.93
09-25-2015,BTC,234.98
09-26-2015,BTC,234.53
09-27-2015,BTC,232.83
09-28-2015,BTC,239.28
09-29-2015,BTC,237.23
09-30-2015,BTC,236.05
10-01-2015,BTC,237.74
10-02-2015,BTC,237.26
10-03-2015,BTC,238.97
10-04-2015,BTC,238.66
10-05-2015,BTC,240.32
10-06-2015,BTC,246.44
10-07-2015,BTC,243.22
10-08-2015,BTC,242.9
10-09-2015,BTC,244.21
10-10-2015,BTC,245.32
10-11-2015,BTC,247.54
10-12-2015,BTC,245.57
10-13-2015,BTC,249.41
10-14-2015,BTC,252.7
10-15-2015,BTC,254.63
10-16-2015,BTC,262.37
10-17-2015,BTC,270.36
10-18-2015,BTC,262.23
10-19-2015,BTC,264.21
10-20-2015,BTC,270.27
10-21-2015,BTC,267.02
10-22-2015,BTC,273.57
10-23-2015,BTC,277.39
10-24-2015,BTC,282.96
10-25-2015,BTC,284.75
10-26-2015,BTC,285.52
10-27-2015,BTC,294.81
10-28-2015,BTC,303.64
10-29-2015,BTC,313.91
10-30-2015,BTC,325.8
10-31-2015,BTC,312.28
11-01-2015,BTC,325.0
11-02-2015,BTC,350.77
11-03-2015,BTC,398.24
11-04-2015,BTC,404.36
11-05-2015,BTC,387.47
11-06-2015,BTC,372.83
11-07-2015,BTC,387.06
11-08-2015,BTC,371.5
11-09-2015,BTC,380.64
11-10-2015,BTC,336.87
11-11-2015,BTC,305.98
11-12-2015,BTC,337.96
11-13-2015,BTC,337.37
11-14-2015,BTC,331.5
11-15-2015,BTC,320.48
11-16-2015,BTC,331.35
11-17-2015,BTC,335.11
11-18-2015,BTC,335.45
11-19-2015,BTC,325.57
11-20-2015,BTC,321.42
11-21-2015,BTC,325.16
11-22-2015,BTC,323.4
11-23-2015,BTC,322.83
11-24-2015,BTC,319.98
11-25-2015,BTC,328.17
11-26-2015,BTC,356.24
11-27-2015,BTC,359.01
11-28-2015,BTC,356.21
11-29-2015,BTC,371.49
11-30-2015,BTC,378.26
12-01-2015,BTC,363.45
12-02-2015,BTC,358.82
12-03-2015,BTC,360.95
12-04-2015,BTC,362.77
12-05-2015,BTC,390.64
12-06-2015,BTC,394.01
12-07-2015,BTC,394.36
12-08-2015,BTC,412.93
12-09-2015,BTC,417.37
12-10-2015,BTC,416.91
12-11-2015,BTC,452.41
12-12-2015,BTC,434.9
12-13-2015,BTC,435.82
12-14-2015,BTC,443.28
12-15-2015,BTC,465.0
12-16-2015,BTC,453.91
12-17-2015,BTC,456.47
12-18-2015,BTC,463.82
12-19-2015,BTC,462.05
12-20-2015,BTC,441.13
12-21-2015,BTC,437.81
12-22-2015,BTC,436.24
12-23-2015,BTC,442.82
12-24-2015,BTC,454.91
12-25-2015,BTC,455.74
12-26-2015,BTC,417.09
12-27-2015,BTC,423.92
12-28-2015,BTC,420.71
12-29-2015,BTC,432.15
12-30-2015,BTC,426.81
12-31-2015,BTC,431.14
01-01-2016,BTC,434.43
01-02-2016,BTC,434.33
01-03-2016,BTC,430.2
01-04-2016,BTC,433.53
01-05-2016,BTC,432.12
01-06-2016,BTC,431.34
01-07-2016,BTC,456.43
01-08-2016,BTC,454.7
01-09-2016,BTC,448.71
01-10-2016,BTC,447.21
01-11-2016,BTC,448.35
01-12-2016,BTC,445.79
01-13-2016,BTC,432.12
01-14-2016,BTC,429.24
01-15-2016,BTC,365.91
01-16-2016,BTC,384.81
01-17-2016,BTC,386.36
01-18-2016,BTC,385.13
01-19-2016,BTC,379.02
01-20-2016,BTC,418.85
01-21-2016,BTC,407.82
01-22-2016,BTC,377.21
01-23-2016,BTC,389.64
01-24-2016,BTC,403.06
01-25-2016,BTC,392.33
01-26-2016,BTC,392.46
01-27-2016,BTC,394.49
01-28-2016,BTC,379.55
01-29-2016,BTC,378.91
01-30-2016,BTC,376.92
01-31-2016,BTC,364.35
02-01-2016,BTC,371.04
02-02-2016,BTC,372.87
02-03-2016,BTC,368.12
02-04-2016,BTC,388.38
02-05-2016,BTC,385.73
02-06-2016,BTC,374.9
02-07-2016,BTC,375.52
02-08-2016,BTC,371.14
02-09-2016,BTC,373.91
02-10-2016,BTC,379.83
02-11-2016,BTC,377.06
02-12-2016,BTC,382.72
02-13-2016,BTC,390.42
02-14-2016,BTC,404.14
02-15-2016,BTC,399.38
02-16-2016,BTC,407.01
02-17-2016,BTC,416.85
02-18-2016,BTC,421.42
02-19-2016,BTC,419.38
02-20-2016,BTC,441.12
02-21-2016,BTC,438.65
02-22-2016,BTC,437.8
02-23-2016,BTC,420.3
02-24-2016,BTC,423.19
02-25-2016,BTC,423.14
02-26-2016,BTC,427.03
02-27-2016,BTC,432.14
02-28-2016,BTC,432.8
02-29-2016,BTC,436.92
03-01-2016,BTC,431.37
03-02-2016,BTC,424.48
03-03-2016,BTC,420.17
03-04-2016,BTC,409.41
03-05-2016,BTC,397.24
03-06-2016,BTC,404.91
03-07-2016,BTC,413.74
03-08-2016,BTC,411.88
03-09-2016,BTC,412.32
03-10-2016,BTC,416.29
03-11-2016,BTC,419.3
03-12-2016,BTC,410.8
03-13-2016,BTC,412.49
03-14-2016,BTC,414.58
03-15-2016,BTC,415.64
03-16-2016,BTC,416.54
03-17-2016,BTC,418.4
03-18-2016,BTC,408.28
03-19-2016,BTC,406.74
03-20-2016,BTC,411.88
03-21-2016,BTC,411.09
03-22-2016,BTC,416.36
03-23-2016,BTC,418.08
03-24-2016,BTC,414.88
03-25-2016,BTC,415.74
03-26-2016,BTC,416.71
03-27-2016,BTC,425.35
03-28-2016,BTC,422.76
03-29-2016,BTC,415.55
03-30-2016,BTC,412.6
03-31-2016,BTC,415.37
04-01-2016,BTC,416.75
04-02-2016,BTC,419.67
04-03-2016,BTC,418.19
04-04-2016,BTC,419.44
04-05-2016,BTC,422.65
04-06-2016,BTC,421.66
04-07-2016,BTC,421.08
04-08-2016,BTC,418.47
04-09-2016,BTC,416.14
04-10-2016,BTC,421.13
04-11-2016,BTC,422.58
04-12-2016,BTC,426.18
04-13-2016,BTC,424.27
04-14-2016,BTC,424.93
04-15-2016,BTC,429.97
04-16-2016,BTC,430.94
04-17-2016,BTC,428.03
04-18-2016,BTC,428.51
04-19-2016,BTC,436.37
04-20-2016,BTC,441.92
04-21-2016,BTC,451.08
04-22-2016,BTC,447.49
04-23-2016,BTC,451.82
04-24-2016,BTC,459.92
04-25-2016,BTC,460.47
04-26-2016,BTC,467.86
04-27-2016,BTC,444.79
04-28-2016,BTC,449.38
04-29-2016,BTC,456.57
04-30-2016,BTC,447.9
05-01-2016,BTC,452.59
05-02-2016,BTC,444.49
05-03-2016,BTC,450.3
05-04-2016,BTC,447.12
05-05-2016,BTC,448.92
05-06-2016,BTC,461.62
05-07-2016,BTC,459.25
05-08-2016,BTC,459.28
05-09-2016,BTC,461.75
05-10-2016,BTC,450.33
05-11-2016,BTC,452.18
05-12-2016,BTC,454.73
05-13-2016,BTC,456.01
05-14-2016,BTC,455.5
05-15-2016,BTC,457.84
05-16-2016,BTC,454.89
05-17-2016,BTC,452.42
05-18-2016,BTC,453.37
05-19-2016,BTC,440.54
05-20-2016,BTC,441.89
05-21-2016,BTC,443.15
05-22-2016,BTC,438.68
05-23-2016,BTC,443.18
05-24-2016,BTC,445.77
05-25-2016,BTC,449.05
05-26-2016,BTC,453.73
05-27-2016,BTC,473.86
05-28-2016,BTC,528.54
05-29-2016,BTC,524.62
05-30-2016,BTC,534.22
05-31-2016,BTC,531.41
06-01-2016,BTC,539.17
06-02-2016,BTC,538.83
06-03-2016,BTC,570.44
06-04-2016,BTC,573.53
06-05-2016,BTC,574.48
06-06-2016,BTC,585.56
06-07-2016,BTC,577.91
06-08-2016,BTC,583.14
06-09-2016,BTC,577.61
06-10-2016,BTC,579.23
06-11-2016,BTC,597.75
06-12-2016,BTC,671.71
06-13-2016,BTC,704.29
06-14-2016,BTC,685.93
06-15-2016,BTC,693.23
06-16-2016,BTC,765.46
06-17-2016,BTC,749.42
06-18-2016,BTC,756.8
06-19-2016,BTC,764.05
06-20-2016,BTC,734.16
06-21-2016,BTC,665.0
06-22-2016,BTC,591.9
06-23-2016,BTC,623.21
06-24-2016,BTC,661.42
06-25-2016,BTC,666.06
06-26-2016,BTC,629.31
06-27-2016,BTC,648.3
06-28-2016,BTC,646.84
06-29-2016,BTC,637.44
06-30-2016,BTC,671.62
07-01-2016,BTC,677.71
07-02-2016,BTC,693.05
07-03-2016,BTC,664.75
07-04-2016,BTC,678.7
07-05-2016,BTC,667.53
07-06-2016,BTC,675.92
07-07-2016,BTC,638.62
07-08-2016,BTC,665.74
07-09-2016,BTC,653.87
07-10-2016,BTC,650.32
07-11-2016,BTC,649.07
07-12-2016,BTC,670.95
07-13-2016,BTC,658.15
07-14-2016,BTC,659.58
07-15-2016,BTC,665.69
07-16-2016,BTC,663.5
07-17-2016,BTC,678.39
07-18-2016,BTC,674.79
07-19-2016,BTC,674.56
07-20-2016,BTC,670.89
07-21-2016,BTC,665.36
07-22-2016,BTC,651.09
07-23-2016,BTC,655.42
07-24-2016,BTC,660.85
07-25-2016,BTC,654.52
07-26-2016,BTC,651.31
07-27-2016,BTC,655.62
07-28-2016,BTC,655.89
07-29-2016,BTC,657.34
07-30-2016,BTC,654.55
07-31-2016,BTC,623.75
08-01-2016,BTC,605.75
08-02-2016,BTC,517.13
08-03-2016,BTC,567.38
08-04-2016,BTC,576.6
08-05-2016,BTC,576.03
08-06-2016,BTC,587.63
08-07-2016,BTC,592.67
08-08-2016,BTC,590.71
08-09-2016,BTC,585.3
08-10-2016,BTC,592.27
08-11-2016,BTC,587.61
08-12-2016,BTC,586.53
08-13-2016,BTC,584.47
08-14-2016,BTC,570.74
08-15-2016,BTC,567.73
08-16-2016,BTC,578.22
08-17-2016,BTC,571.46
08-18-2016,BTC,572.27
08-19-2016,BTC,573.49
08-20-2016,BTC,581.95
08-21-2016,BTC,580.59
08-22-2016,BTC,585.22
08-23-2016,BTC,582.0
08-24-2016,BTC,577.89
08-25-2016,BTC,576.12
08-26-2016,BTC,578.1
08-27-2016,BTC,568.58
08-28-2016,BTC,573.53
08-29-2016,BTC,572.51
08-30-2016,BTC,576.08
08-31-2016,BTC,571.76
09-01-2016,BTC,571.59
09-02-2016,BTC,573.96
09-03-2016,BTC,596.2
09-04-2016,BTC,608.69
09-05-2016,BTC,606.64
09-06-2016,BTC,610.68
09-07-2016,BTC,614.33
09-08-2016,BTC,625.47
09-09-2016,BTC,621.91
09-10-2016,BTC,623.06
09-11-2016,BTC,605.32
09-12-2016,BTC,605.83
09-13-2016,BTC,606.65
09-14-2016,BTC,608.43
09-15-2016,BTC,605.58
09-16-2016,BTC,606.55
09-17-2016,BTC,605.34
09-18-2016,BTC,608.8
09-19-2016,BTC,608.62
09-20-2016,BTC,607.77
09-21-2016,BTC,595.84
09-22-2016,BTC,594.96
09-23-2016,BTC,601.89
09-24-2016,BTC,601.27
09-25-2016,BTC,599.31
09-26-2016,BTC,606.1
09-27-2016,BTC,604.21
09-28-2016,BTC,603.55
09-29-2016,BTC,604.64
09-30-2016,BTC,608.26
10-01-2016,BTC,614.06
10-02-2016,BTC,610.36
10-03-2016,BTC,611.96
10-04-2016,BTC,609.24
10-05-2016,BTC,611.64
10-06-2016,BTC,610.98
10-07-2016,BTC,616.22
10-08-2016,BTC,616.53
10-09-2016,BTC,614.62
10-10-2016,BTC,614.31
10-11-2016,BTC,640.7
10-12-2016,BTC,635.62
10-13-2016,BTC,634.62
10-14-2016,BTC,638.18
10-15-2016,BTC,637.21
10-16-2016,BTC,640.19
10-17-2016,BTC,637.48
10-18-2016,BTC,635.46
10-19-2016,BTC,628.44
10-20-2016,BTC,628.54
10-21-2016,BTC,629.72
10-22-2016,BTC,652.09
10-23-2016,BTC,649.63
10-24-2016,BTC,648.77
10-25-2016,BTC,652.63
10-26-2016,BTC,673.42
10-27-2016,BTC,683.37
10-28-2016,BTC,687.56
10-29-2016,BTC,715.41
10-30-2016,BTC,697.28
10-31-2016,BTC,698.58
11-01-2016,BTC,729.2
11-02-2016,BTC,734.16
11-03-2016,BTC,686.06
11-04-2016,BTC,702.11
11-05-2016,BTC,704.02
11-06-2016,BTC,712.13
11-07-2016,BTC,706.09
11-08-2016,BTC,708.94
11-09-2016,BTC,721.18
11-10-2016,BTC,713.21
11-11-2016,BTC,715.64
11-12-2016,BTC,703.76
11-13-2016,BTC,702.35
11-14-2016,BTC,705.55
11-15-2016,BTC,712.16
11-16-2016,BTC,740.9
11-17-2016,BTC,738.48
11-18-2016,BTC,748.43
11-19-2016,BTC,750.41
11-20-2016,BTC,728.37
11-21-2016,BTC,736.5
11-22-2016,BTC,748.12
11-23-2016,BTC,741.17
11-24-2016,BTC,736.75
11-25-2016,BTC,738.2
11-26-2016,BTC,732.73
11-27-2016,BTC,727.76
11-28-2016,BTC,731.84
11-29-2016,BTC,731.81
11-30-2016,BTC,742.36
12-01-2016,BTC,753.06
12-02-2016,BTC,771.17
12-03-2016,BTC,764.83
12-04-2016,BTC,766.37
12-05-2016,BTC,752.24
12-06-2016,BTC,758.69
12-07-2016,BTC,763.91
12-08-2016,BTC,768.67
12-09-2016,BTC,769.84
12-10-2016,BTC,773.13
12-11-2016,BTC,768.23
12-12-2016,BTC,778.43
12-13-2016,BTC,778.22
12-14-2016,BTC,775.89
12-15-2016,BTC,775.57
12-16-2016,BTC,781.34
12-17-2016,BTC,788.88
12-18-2016,BTC,788.44
12-19-2016,BTC,790.12
12-20-2016,BTC,799.72
12-21-2016,BTC,826.62
12-22-2016,BTC,859.37
12-23-2016,BTC,917.1
12-24-2016,BTC,891.68
12-25-2016,BTC,894.34
12-26-2016,BTC,902.61
12-27-2016,BTC,929.12
12-28-2016,BTC,977.14
12-29-2016,BTC,971.72
12-30-2016,BTC,960.92
12-31-2016,BTC,966.57
01-01-2017,BTC,998.05
01-02-2017,BTC,1019.2
01-03-2017,BTC,1035.53
01-04-2017,BTC,1130.85
01-05-2017,BTC,990.67
01-06-2017,BTC,894.03
01-07-2017,BTC,900.08
01-08-2017,BTC,908.09
01-09-2017,BTC,901.88
01-10-2017,BTC,905.76
01-11-2017,BTC,784.28
01-12-2017,BTC,799.43
01-13-2017,BTC,824.5
01-14-2017,BTC,817.83
01-15-2017,BTC,821.91
01-16-2017,BTC,828.31
01-17-2017,BTC,904.15
01-18-2017,BTC,873.93
01-19-2017,BTC,896.89
01-20-2017,BTC,891.46
01-21-2017,BTC,919.68
01-22-2017,BTC,918.78
01-23-2017,BTC,918.91
01-24-2017,BTC,885.79
01-25-2017,BTC,893.47
01-26-2017,BTC,915.36
01-27-2017,BTC,918.29
01-28-2017,BTC,920.24
01-29-2017,BTC,914.14
01-30-2017,BTC,920.99
01-31-2017,BTC,968.27
02-01-2017,BTC,986.57
02-02-2017,BTC,1008.4
02-03-2017,BTC,1015.44
02-04-2017,BTC,1033.63
02-05-2017,BTC,1016.93
02-06-2017,BTC,1024.51
02-07-2017,BTC,1051.5
02-08-2017,BTC,1055.3
02-09-2017,BTC,981.7
02-10-2017,BTC,992.11
02-11-2017,BTC,1010.95
02-12-2017,BTC,1000.52
02-13-2017,BTC,996.1
02-14-2017,BTC,1010.1
02-15-2017,BTC,1008.88
02-16-2017,BTC,1034.9
02-17-2017,BTC,1056.56
02-18-2017,BTC,1058.58
02-19-2017,BTC,1053.5
02-20-2017,BTC,1082.02
02-21-2017,BTC,1125.41
02-22-2017,BTC,1123.3
02-23-2017,BTC,1185.65
02-24-2017,BTC,1180.87
02-25-2017,BTC,1149.4
02-26-2017,BTC,1180.67
02-27-2017,BTC,1193.13
02-28-2017,BTC,1190.33
03-01-2017,BTC,1227.48
03-02-2017,BTC,1262.08
03-03-2017,BTC,1289.54
03-04-2017,BTC,1268.81
03-05-2017,BTC,1276.23
03-06-2017,BTC,1280.99
03-07-2017,BTC,1233.06
03-08-2017,BTC,1149.63
03-09-2017,BTC,1191.24
03-10-2017,BTC,1100.01
03-11-2017,BTC,1181.2
03-12-2017,BTC,1230.56
03-13-2017,BTC,1243.26
03-14-2017,BTC,1246.56
03-15-2017,BTC,1258.46
03-16-2017,BTC,1217.31
03-17-2017,BTC,1074.09
03-18-2017,BTC,961.96
03-19-2017,BTC,1023.49
03-20-2017,BTC,1036.33
03-21-2017,BTC,1112.7
03-22-2017,BTC,1039.84
03-23-2017,BTC,1029.14
03-24-2017,BTC,940.02
03-25-2017,BTC,965.27
03-26-2017,BTC,954.48
03-27-2017,BTC,1042.61
03-28-2017,BTC,1044.72
03-29-2017,BTC,1038.62
03-30-2017,BTC,1031.49
03-31-2017,BTC,1078.27
04-01-2017,BTC,1085.25
04-02-2017,BTC,1098.07
04-03-2017,BTC,1139.31
04-04-2017,BTC,1140.5
04-05-2017,BTC,1132.34
04-06-2017,BTC,1194.21
04-07-2017,BTC,1189.78
04-08-2017,BTC,1182.27
04-09-2017,BTC,1187.7
04-10-2017,BTC,1210.52
04-11-2017,BTC,1226.62
04-12-2017,BTC,1218.3
04-13-2017,BTC,1174.21
04-14-2017,BTC,1183.69
04-15-2017,BTC,1180.32
04-16-2017,BTC,1186.31
04-17-2017,BTC,1205.14
04-18-2017,BTC,1217.58
04-19-2017,BTC,1225.72
04-20-2017,BTC,1253.9
04-21-2017,BTC,1254.99
04-22-2017,BTC,1249.67
04-23-2017,BTC,1247.84
04-24-2017,BTC,1249.96
04-25-2017,BTC,1263.04
04-26-2017,BTC,1287.32
04-27-2017,BTC,1331.31
04-28-2017,BTC,1321.2
04-29-2017,BTC,1327.69
04-30-2017,BTC,1349.89
05-01-2017,BTC,1408.44
05-02-2017,BTC,1442.24
05-03-2017,BTC,1485.82
05-04-2017,BTC,1499.36
05-05-2017,BTC,1506.04
05-06-2017,BTC,1547.82
05-07-2017,BTC,1557.88
05-08-2017,BTC,1633.38
05-09-2017,BTC,1700.18
05-10-2017,BTC,1747.32
05-11-2017,BTC,1808.78
05-12-2017,BTC,1700.77
05-13-2017,BTC,1751.73
05-14-2017,BTC,1767.71
05-15-2017,BTC,1696.13
05-16-2017,BTC,1716.32
05-17-2017,BTC,1804.45
05-18-2017,BTC,1889.41
05-19-2017,BTC,1972.9
05-20-2017,BTC,2043.42
05-21-2017,BTC,2053.88
05-22-2017,BTC,2109.4
05-23-2017,BTC,2292.7
05-24-2017,BTC,2448.13
05-25-2017,BTC,2366.97
05-26-2017,BTC,2262.36
05-27-2017,BTC,2082.84
05-28-2017,BTC,2219.49
05-29-2017,BTC,2286.27
05-30-2017,BTC,2167.64
05-31-2017,BTC,2329.08
06-01-2017,BTC,2436.04
06-02-2017,BTC,2514.23
06-03-2017,BTC,2562.54
06-04-2017,BTC,2556.41
06-05-2017,BTC,2721.55
06-06-2017,BTC,2903.44
06-07-2017,BTC,2716.06
06-08-2017,BTC,2824.2
06-09-2017,BTC,2817.06
06-10-2017,BTC,2937.45
06-11-2017,BTC,3013.71
06-12-2017,BTC,2701.26
06-13-2017,BTC,2736.19
06-14-2017,BTC,2503.4
06-15-2017,BTC,2444.49
06-16-2017,BTC,2513.81
06-17-2017,BTC,2683.57
06-18-2017,BTC,2577.22
06-19-2017,BTC,2620.14
06-20-2017,BTC,2777.79
06-21-2017,BTC,2717.0
06-22-2017,BTC,2724.91
06-23-2017,BTC,2737.75
06-24-2017,BTC,2618.42
06-25-2017,BTC,2606.86
06-26-2017,BTC,2488.19
06-27-2017,BTC,2531.35
06-28-2017,BTC,2575.44
06-29-2017,BTC,2561.68
06-30-2017,BTC,2490.75
07-01-2017,BTC,2439.82
07-02-2017,BTC,2518.55
07-03-2017,BTC,2576.71
07-04-2017,BTC,2611.0
07-05-2017,BTC,2607.22
07-06-2017,BTC,2612.67
07-07-2017,BTC,2509.22
07-08-2017,BTC,2563.2
07-09-2017,BTC,2519.22
07-10-2017,BTC,2363.52
07-11-2017,BTC,2353.91
07-12-2017,BTC,2387.33
07-13-2017,BTC,2364.32
07-14-2017,BTC,2228.73
07-15-2017,BTC,2033.29
07-16-2017,BTC,1927.1
07-17-2017,BTC,2181.29
07-18-2017,BTC,2303.89
07-19-2017,BTC,2274.62
07-20-2017,BTC,2766.83
07-21-2017,BTC,2658.07
07-22-2017,BTC,2802.35
07-23-2017,BTC,2731.6
07-24-2017,BTC,2751.35
07-25-2017,BTC,2563.75
07-26-2017,BTC,2507.39
07-27-2017,BTC,2649.44
07-28-2017,BTC,2798.83
07-29-2017,BTC,2720.1
07-30-2017,BTC,2740.32
07-31-2017,BTC,2871.37
08-01-2017,BTC,2737.76
08-02-2017,BTC,2697.85
08-03-2017,BTC,2777.37
08-04-2017,BTC,2845.9
08-05-2017,BTC,3237.07
08-06-2017,BTC,3189.73
08-07-2017,BTC,3356.71
08-08-2017,BTC,3410.45
08-09-2017,BTC,3330.9
08-10-2017,BTC,3367.91
08-11-2017,BTC,3562.59
08-12-2017,BTC,3800.14
08-13-2017,BTC,4023.25
08-14-2017,BTC,4175.7
08-15-2017,BTC,4149.31
08-16-2017,BTC,4262.56
08-17-2017,BTC,4286.92
08-18-2017,BTC,4097.69
08-19-2017,BTC,4115.21
08-20-2017,BTC,4001.23
08-21-2017,BTC,3935.23
08-22-2017,BTC,4008.42
08-23-2017,BTC,4069.08
08-24-2017,BTC,4167.29
08-25-2017,BTC,4199.89
08-26-2017,BTC,4123.51
08-27-2017,BTC,4116.47
08-28-2017,BTC,4216.24
08-29-2017,BTC,4394.06
08-30-2017,BTC,4553.81
08-31-2017,BTC,4702.94
09-01-2017,BTC,4863.19
09-02-2017,BTC,4556.6
09-03-2017,BTC,4632.46
09-04-2017,BTC,4317.19
09-05-2017,BTC,4447.88
09-06-2017,BTC,4592.25
09-07-2017,BTC,4584.82
09-08-2017,BTC,4285.21
09-09-2017,BTC,4245.61
09-10-2017,BTC,4132.66
09-11-2017,BTC,4164.98
09-12-2017,BTC,4130.96
09-13-2017,BTC,3883.65
09-14-2017,BTC,3100.67
09-15-2017,BTC,3587.94
09-16-2017,BTC,3606.28
09-17-2017,BTC,3553.43
09-18-2017,BTC,4012.29
09-19-2017,BTC,3898.93
09-20-2017,BTC,3858.02
09-21-2017,BTC,3628.06
09-22-2017,BTC,3622.18
09-23-2017,BTC,3763.41
09-24-2017,BTC,3672.31
09-25-2017,BTC,3866.71
09-26-2017,BTC,3852.94
09-27-2017,BTC,4134.21
09-28-2017,BTC,4134.88
09-29-2017,BTC,4130.42
09-30-2017,BTC,4297.79
10-01-2017,BTC,4347.58
10-02-2017,BTC,4383.33
10-03-2017,BTC,4319.07
10-04-2017,BTC,4231.46
10-05-2017,BTC,4290.38
10-06-2017,BTC,4347.55
10-07-2017,BTC,4405.02
10-08-2017,BTC,4562.32
10-09-2017,BTC,4758.72
10-10-2017,BTC,4769.48
10-11-2017,BTC,4807.93
10-12-2017,BTC,5331.62
10-13-2017,BTC,5610.49
10-14-2017,BTC,5679.22
10-15-2017,BTC,5684.05
10-16-2017,BTC,5728.93
10-17-2017,BTC,5643.86
10-18-2017,BTC,5592.78
10-19-2017,BTC,5696.38
10-20-2017,BTC,5952.77
10-21-2017,BTC,6043.97
10-22-2017,BTC,6003.46
10-23-2017,BTC,5959.98
10-24-2017,BTC,5550.08
10-25-2017,BTC,5704.87
10-26-2017,BTC,5883.05
10-27-2017,BTC,5775.52
10-28-2017,BTC,5734.31
10-29-2017,BTC,6123.55
10-30-2017,BTC,6104.39
10-31-2017,BTC,6368.65
11-01-2017,BTC,6714.79
11-02-2017,BTC,7059.79
11-03-2017,BTC,7234.74
11-04-2017,BTC,7390.54
11-05-2017,BTC,7416.27
11-06-2017,BTC,7103.05
11-07-2017,BTC,7166.74
11-08-2017,BTC,7461.82
11-09-2017,BTC,7186.29
11-10-2017,BTC,6656.84
11-11-2017,BTC,6365.4
11-12-2017,BTC,5866.51
11-13-2017,BTC,6423.09
11-14-2017,BTC,6652.22
11-15-2017,BTC,7297.67
11-16-2017,BTC,7814.94
11-17-2017,BTC,7783.54
11-18-2017,BTC,7827.63
11-19-2017,BTC,8011.15
11-20-2017,BTC,8220.51
11-21-2017,BTC,8114.13
11-22-2017,BTC,8257.12
11-23-2017,BTC,8117.66
11-24-2017,BTC,8278.13
11-25-2017,BTC,8743.16
11-26-2017,BTC,9342.99
11-27-2017,BTC,9831.4
11-28-2017,BTC,10257.07
11-29-2017,BTC,9875.89
11-30-2017,BTC,10406.19
12-01-2017,BTC,10995.72
12-02-2017,BTC,11162.55
12-03-2017,BTC,11256.7
12-04-2017,BTC,11634.98
12-05-2017,BTC,12174.25
12-06-2017,BTC,13876.47
12-07-2017,BTC,18491.18
12-08-2017,BTC,16908.0
12-09-2017,BTC,15266.43
12-10-2017,BTC,15808.51
12-11-2017,BTC,17106.51
12-12-2017,BTC,17249.92
12-13-2017,BTC,16525.04
12-14-2017,BTC,16865.36
12-15-2017,BTC,17978.63
12-16-2017,BTC,19665.39
12-17-2017,BTC,19423.58
12-18-2017,BTC,19188.05
12-19-2017,BTC,18174.19
12-20-2017,BTC,17059.89
12-21-2017,BTC,16355.24
12-22-2017,BTC,14084.82
12-23-2017,BTC,15241.92
12-24-2017,BTC,14451.11
12-25-2017,BTC,14302.75
12-26-2017,BTC,16616.68
12-27-2017,BTC,16373.08
12-28-2017,BTC,15067.9
12-29-2017,BTC,15096.56
12-30-2017,BTC,13620.36
12-31-2017,BTC,14839.59
01-01-2018,BTC,14093.61
01-02-2018,BTC,15321.93
01-03-2018,BTC,15583.89
01-04-2018,BTC,15976.37
01-05-2018,BTC,18336.92
01-06-2018,BTC,18343.66
01-07-2018,BTC,17039.87
01-08-2018,BTC,15900.37
01-09-2018,BTC,15604.72
01-10-2018,BTC,15509.27
01-11-2018,BTC,14050.57
01-12-2018,BTC,14759.29
01-13-2018,BTC,15193.31
01-14-2018,BTC,14476.59
01-15-2018,BTC,14412.0
01-16-2018,BTC,11723.91
01-17-2018,BTC,11415.39
01-18-2018,BTC,11569.42
01-19-2018,BTC,11758.47
01-20-2018,BTC,13260.27
01-21-2018,BTC,11703.5
01-22-2018,BTC,10991.6
01-23-2018,BTC,10894.0
01-24-2018,BTC,11277.12
01-25-2018,BTC,11225.25
01-26-2018,BTC,11044.91
01-27-2018,BTC,11456.21
01-28-2018,BTC,11665.7
01-29-2018,BTC,11157.66
01-30-2018,BTC,11095.21
01-31-2018,BTC,9989.69
02-01-2018,BTC,10114.5
02-02-2018,BTC,9070.56
02-03-2018,BTC,8830.16
02-04-2018,BTC,8994.91
02-05-2018,BTC,8315.52
02-06-2018,BTC,6852.05
02-07-2018,BTC,7711.22
02-08-2018,BTC,7611.61
02-09-2018,BTC,8208.57
02-10-2018,BTC,8650.72
02-11-2018,BTC,8574.68
02-12-2018,BTC,8168.64
02-13-2018,BTC,8911.4
02-14-2018,BTC,8518.27
02-15-2018,BTC,9428.03
02-16-2018,BTC,10112.58
02-17-2018,BTC,10155.28
02-18-2018,BTC,11006.65
02-19-2018,BTC,10523.43
02-20-2018,BTC,11103.09
02-21-2018,BTC,11502.38
02-22-2018,BTC,9973.59
02-23-2018,BTC,10032.86
02-24-2018,BTC,10301.88
02-25-2018,BTC,9742.63
02-26-2018,BTC,9699.52
02-27-2018,BTC,10355.58
02-28-2018,BTC,10709.39
03-01-2018,BTC,10346.66
03-02-2018,BTC,10859.55
03-03-2018,BTC,11098.08
03-04-2018,BTC,11356.04
03-05-2018,BTC,11286.68
03-06-2018,BTC,11526.42
03-07-2018,BTC,10727.72
03-08-2018,BTC,9999.68
03-09-2018,BTC,9420.85
03-10-2018,BTC,9276.34
03-11-2018,BTC,8890.87
03-12-2018,BTC,9512.46
03-13-2018,BTC,9232.71
03-14-2018,BTC,9216.53
03-15-2018,BTC,8307.22
03-16-2018,BTC,8359.37
03-17-2018,BTC,8520.01
03-18-2018,BTC,8063.41
03-19-2018,BTC,8217.84
03-20-2018,BTC,8640.52
03-21-2018,BTC,8926.82
03-22-2018,BTC,8970.32
03-23-2018,BTC,8736.39
03-24-2018,BTC,8824.59
03-25-2018,BTC,8621.15
03-26-2018,BTC,8478.64
03-27-2018,BTC,8186.2
03-28-2018,BTC,7836.76
03-29-2018,BTC,7930.78
03-30-2018,BTC,7126.9
03-31-2018,BTC,6897.27
04-01-2018,BTC,6975.28
04-02-2018,BTC,6836.57
04-03-2018,BTC,7080.42
04-04-2018,BTC,7464.36
04-05-2018,BTC,6845.32
04-06-2018,BTC,6855.42
04-07-2018,BTC,6628.75
04-08-2018,BTC,6884.48
04-09-2018,BTC,6984.81
04-10-2018,BTC,6778.49
04-11-2018,BTC,6829.32
04-12-2018,BTC,6925.1
04-13-2018,BTC,7836.4
04-14-2018,BTC,7845.75
04-15-2018,BTC,7897.72
04-16-2018,BTC,8258.07
04-17-2018,BTC,8031.0
04-18-2018,BTC,7873.64
04-19-2018,BTC,8097.42
04-20-2018,BTC,8277.46
04-21-2018,BTC,8499.45
04-22-2018,BTC,8878.43
04-23-2018,BTC,8769.01
04-24-2018,BTC,8881.39
04-25-2018,BTC,9716.49
04-26-2018,BTC,8825.2
04-27-2018,BTC,9221.87
04-28-2018,BTC,8940.38
04-29-2018,BTC,9249.66
04-30-2018,BTC,9325.63
05-01-2018,BTC,9198.19
05-02-2018,BTC,9024.39
05-03-2018,BTC,9122.65
05-04-2018,BTC,9551.14
05-05-2018,BTC,9634.54
05-06-2018,BTC,9766.24
05-07-2018,BTC,9583.87
05-08-2018,BTC,9308.27
05-09-2018,BTC,9149.52
05-10-2018,BTC,9248.96
05-11-2018,BTC,8969.94
05-12-2018,BTC,8405.56
05-13-2018,BTC,8480.58
05-14-2018,BTC,8683.99
05-15-2018,BTC,8696.97
05-16-2018,BTC,8473.35
05-17-2018,BTC,8343.13
05-18-2018,BTC,8056.05
05-19-2018,BTC,8202.83
05-20-2018,BTC,8180.63
05-21-2018,BTC,8443.26
05-22-2018,BTC,8355.0
05-23-2018,BTC,8009.3
05-24-2018,BTC,7556.32
05-25-2018,BTC,7563.44
05-26-2018,BTC,7472.02
05-27-2018,BTC,7328.87
05-28-2018,BTC,7326.64
05-29-2018,BTC,7111.07
05-30-2018,BTC,7451.23
05-31-2018,BTC,7380.85
06-01-2018,BTC,7460.17
06-02-2018,BTC,7487.08
06-03-2018,BTC,7567.51
06-04-2018,BTC,7639.88
06-05-2018,BTC,7463.65
06-06-2018,BTC,7569.01
06-07-2018,BTC,7605.58
06-08-2018,BTC,7613.78
06-09-2018,BTC,7561.17
06-10-2018,BTC,7415.0
06-11-2018,BTC,6767.5
06-12-2018,BTC,6880.13
06-13-2018,BTC,6581.83
06-14-2018,BTC,6334.1
06-15-2018,BTC,6644.72
06-16-2018,BTC,6406.81
06-17-2018,BTC,6478.82
06-18-2018,BTC,6418.85
06-19-2018,BTC,6677.53
06-20-2018,BTC,6708.68
06-21-2018,BTC,6714.38
06-22-2018,BTC,6690.83
06-23-2018,BTC,6088.58
06-24-2018,BTC,6169.44
06-25-2018,BTC,6159.71
06-26-2018,BTC,6241.85
06-27-2018,BTC,6069.87
06-28-2018,BTC,6117.04
06-29-2018,BTC,5879.99
06-30-2018,BTC,6182.26
07-01-2018,BTC,6366.5
07-02-2018,BTC,6312.88
07-03-2018,BTC,6595.55
07-04-2018,BTC,6497.61
07-05-2018,BTC,6562.72
07-06-2018,BTC,6537.74
07-07-2018,BTC,6603.29
07-08-2018,BTC,6759.84
07-09-2018,BTC,6700.64
07-10-2018,BTC,6648.26
07-11-2018,BTC,6303.38
07-12-2018,BTC,6373.23
07-13-2018,BTC,6230.59
07-14-2018,BTC,6248.4
07-15-2018,BTC,6246.14
07-16-2018,BTC,6349.7
07-17-2018,BTC,6741.69
07-18-2018,BTC,7303.37
07-19-2018,BTC,7334.77
07-20-2018,BTC,7442.8
07-21-2018,BTC,7331.87
07-22-2018,BTC,7379.14
07-23-2018,BTC,7395.87
07-24-2018,BTC,7705.0
07-25-2018,BTC,8422.37
07-26-2018,BTC,8144.55
07-27-2018,BTC,7929.08
07-28-2018,BTC,8145.33
07-29-2018,BTC,8192.14
07-30-2018,BTC,8197.59
07-31-2018,BTC,8185.92
08-01-2018,BTC,7738.25
08-02-2018,BTC,7612.3
08-03-2018,BTC,7540.63
08-04-2018,BTC,7411.67
08-05-2018,BTC,7009.01
08-06-2018,BTC,7036.61
08-07-2018,BTC,6926.12
08-08-2018,BTC,6711.73
08-09-2018,BTC,6259.53
08-10-2018,BTC,6531.25
08-11-2018,BTC,6166.59
08-12-2018,BTC,6205.22
08-13-2018,BTC,6318.41
08-14-2018,BTC,6284.0
08-15-2018,BTC,6212.23
08-16-2018,BTC,6267.77
08-17-2018,BTC,6309.39
08-18-2018,BTC,6566.72
08-19-2018,BTC,6382.06
08-20-2018,BTC,6475.49
08-21-2018,BTC,6242.88
08-22-2018,BTC,6467.27
08-23-2018,BTC,6336.66
08-24-2018,BTC,6521.07
08-25-2018,BTC,6684.38
08-26-2018,BTC,6736.04
08-27-2018,BTC,6728.29
08-28-2018,BTC,6911.1
08-29-2018,BTC,7075.98
08-30-2018,BTC,7046.75
08-31-2018,BTC,7024.15
09-01-2018,BTC,7027.63
09-02-2018,BTC,7211.27
09-03-2018,BTC,7305.27
09-04-2018,BTC,7260.9
09-05-2018,BTC,7359.46
09-06-2018,BTC,6764.93
09-07-2018,BTC,6498.28
09-08-2018,BTC,6397.82
09-09-2018,BTC,6181.19
09-10-2018,BTC,6260.76
09-11-2018,BTC,6308.14
09-12-2018,BTC,6278.92
09-13-2018,BTC,6330.57
09-14-2018,BTC,6486.46
09-15-2018,BTC,6500.01
09-16-2018,BTC,6530.22
09-17-2018,BTC,6506.25
09-18-2018,BTC,6250.12
09-19-2018,BTC,6347.07
09-20-2018,BTC,6383.75
09-21-2018,BTC,6491.89
09-22-2018,BTC,6753.83
09-23-2018,BTC,6747.03
09-24-2018,BTC,6711.03
09-25-2018,BTC,6596.19
09-26-2018,BTC,6441.31
09-27-2018,BTC,6462.8
09-28-2018,BTC,6704.7
09-29-2018,BTC,6634.77
09-30-2018,BTC,6606.07
10-01-2018,BTC,6626.04
10-02-2018,BTC,6598.84
10-03-2018,BTC,6524.61
10-04-2018,BTC,6499.26
10-05-2018,BTC,6578.7
10-06-2018,BTC,6621.19
10-07-2018,BTC,6589.12
10-08-2018,BTC,6584.83
10-09-2018,BTC,6653.09
10-10-2018,BTC,6633.75
10-11-2018,BTC,6582.46
10-12-2018,BTC,6234.37
10-13-2018,BTC,6285.59
10-14-2018,BTC,6314.88
10-15-2018,BTC,6328.55
10-16-2018,BTC,6659.88
10-17-2018,BTC,6635.13
10-18-2018,BTC,6635.74
10-19-2018,BTC,6517.51
10-20-2018,BTC,6483.83
10-21-2018,BTC,6532.68
10-22-2018,BTC,6529.67
10-23-2018,BTC,6512.59
10-24-2018,BTC,6472.8
10-25-2018,BTC,6481.44
10-26-2018,BTC,6458.19
10-27-2018,BTC,6468.83
10-28-2018,BTC,6457.06
10-29-2018,BTC,6481.32
10-30-2018,BTC,6292.65
10-31-2018,BTC,6331.78
11-01-2018,BTC,6366.72
11-02-2018,BTC,6379.97
11-03-2018,BTC,6425.44
11-04-2018,BTC,6388.19
11-05-2018,BTC,6351.06
11-06-2018,BTC,6415.44
11-07-2018,BTC,6474.85
11-08-2018,BTC,6574.8
11-09-2018,BTC,6490.45
11-10-2018,BTC,6413.78
11-11-2018,BTC,6429.9
11-12-2018,BTC,6434.28
11-13-2018,BTC,6411.35
11-14-2018,BTC,6394.29
11-15-2018,BTC,5788.61
11-16-2018,BTC,5686.54
11-17-2018,BTC,5609.96
11-18-2018,BTC,5599.19
11-19-2018,BTC,5638.86
11-20-2018,BTC,4889.2
11-21-2018,BTC,4450.71
11-22-2018,BTC,4613.45
11-23-2018,BTC,4307.39
11-24-2018,BTC,4376.9
11-25-2018,BTC,3895.84
11-26-2018,BTC,4039.84
11-27-2018,BTC,3811.92
11-28-2018,BTC,3832.92
11-29-2018,BTC,4267.24
11-30-2018,BTC,4279.48
12-01-2018,BTC,4009.69
12-02-2018,BTC,4189.57
12-03-2018,BTC,4124.59
12-04-2018,BTC,3878.84
12-05-2018,BTC,3943.69
12-06-2018,BTC,3751.69
12-07-2018,BTC,3466.76
12-08-2018,BTC,3408.52
12-09-2018,BTC,3424.71
12-10-2018,BTC,3550.55
12-11-2018,BTC,3433.81
12-12-2018,BTC,3378.81
12-13-2018,BTC,3438.1
12-14-2018,BTC,3294.64
12-15-2018,BTC,3216.63
12-16-2018,BTC,3221.98
12-17-2018,BTC,3217.05
12-18-2018,BTC,3506.22
12-19-2018,BTC,3655.78
12-20-2018,BTC,3687.75
12-21-2018,BTC,4065.1
12-22-2018,BTC,3846.23
12-23-2018,BTC,3960.57
12-24-2018,BTC,3941.62
12-25-2018,BTC,4021.99
12-26-2018,BTC,3759.18
12-27-2018,BTC,3781.61
12-28-2018,BTC,3587.7
12-29-2018,BTC,3854.42
12-30-2018,BTC,3778.19
12-31-2018,BTC,3809.73
01-01-2019,BTC,3692.53
01-02-2019,BTC,3794.26
01-03-2019,BTC,3872.17
01-04-2019,BTC,3776.53
01-05-2019,BTC,3815.27
01-06-2019,BTC,3787.31
01-07-2019,BTC,4013.52
01-08-2019,BTC,3989.67
01-09-2019,BTC,3973.59
01-10-2019,BTC,3982.23
01-11-2019,BTC,3623.85
01-12-2019,BTC,3632.85
01-13-2019,BTC,3598.44
01-14-2019,BTC,3495.83
01-15-2019,BTC,3648.05
01-16-2019,BTC,3567.8
01-17-2019,BTC,3597.65
01-18-2019,BTC,3620.98
01-19-2019,BTC,3597.79
01-20-2019,BTC,3674.59
01-21-2019,BTC,3539.17
01-22-2019,BTC,3531.0
01-23-2019,BTC,3571.27
01-24-2019,BTC,3555.7
01-25-2019,BTC,3565.64
01-26-2019,BTC,3564.82
01-27-2019,BTC,3563.61
01-28-2019,BTC,3553.12
01-29-2019,BTC,3432.22
01-30-2019,BTC,3413.38
01-31-2019,BTC,3457.88
02-01-2019,BTC,3431.94
02-02-2019,BTC,3464.49
02-03-2019,BTC,3486.58
02-04-2019,BTC,3454.03
02-05-2019,BTC,3464.0
02-06-2019,BTC,3469.89
02-07-2019,BTC,3405.84
02-08-2019,BTC,3394.01
02-09-2019,BTC,3664.28
02-10-2019,BTC,3667.41
02-11-2019,BTC,3675.69
02-12-2019,BTC,3631.44
02-13-2019,BTC,3633.97
02-14-2019,BTC,3610.06
02-15-2019,BTC,3589.66
02-16-2019,BTC,3601.23
02-17-2019,BTC,3622.59
02-18-2019,BTC,3665.08
02-19-2019,BTC,3886.52
02-20-2019,BTC,3915.01
02-21-2019,BTC,3976.81
02-22-2019,BTC,3934.81
02-23-2019,BTC,3973.64
02-24-2019,BTC,4115.34
02-25-2019,BTC,3742.87
02-26-2019,BTC,3824.68
02-27-2019,BTC,3809.21
02-28-2019,BTC,3813.38
03-01-2019,BTC,3815.61
03-02-2019,BTC,3815.75
03-03-2019,BTC,3819.65
03-04-2019,BTC,3806.95
03-05-2019,BTC,3712.81
03-06-2019,BTC,3852.46
03-07-2019,BTC,3860.51
03-08-2019,BTC,3871.64
03-09-2019,BTC,3861.88
03-10-2019,BTC,3941.6
03-11-2019,BTC,3923.56
03-12-2019,BTC,3860.36
03-13-2019,BTC,3876.48
03-14-2019,BTC,3865.82
03-15-2019,BTC,3876.7
03-16-2019,BTC,3925.46
03-17-2019,BTC,4007.71
03-18-2019,BTC,3980.99
03-19-2019,BTC,3986.71
03-20-2019,BTC,4013.58
03-21-2019,BTC,4045.57
03-22-2019,BTC,3983.32
03-23-2019,BTC,3989.16
03-24-2019,BTC,4008.95
03-25-2019,BTC,3993.39
03-26-2019,BTC,3927.58
03-27-2019,BTC,3938.66
03-28-2019,BTC,4036.16
03-29-2019,BTC,4028.39
03-30-2019,BTC,4103.32
03-31-2019,BTC,4103.86
04-01-2019,BTC,4103.52
04-02-2019,BTC,4146.32
04-03-2019,BTC,4862.23
04-04-2019,BTC,4955.83
04-05-2019,BTC,4899.02
04-06-2019,BTC,5014.96
04-07-2019,BTC,5041.87
04-08-2019,BTC,5176.98
04-09-2019,BTC,5266.89
04-10-2019,BTC,5172.18
04-11-2019,BTC,5308.91
04-12-2019,BTC,5047.79
04-13-2019,BTC,5082.47
04-14-2019,BTC,5072.99
04-15-2019,BTC,5149.31
04-16-2019,BTC,5039.88
04-17-2019,BTC,5213.6
04-18-2019,BTC,5218.96
04-19-2019,BTC,5274.77
04-20-2019,BTC,5280.35
04-21-2019,BTC,5307.69
04-22-2019,BTC,5311.16
04-23-2019,BTC,5380.94
04-24-2019,BTC,5557.93
04-25-2019,BTC,5452.1
04-26-2019,BTC,5203.09
04-27-2019,BTC,5295.85
04-28-2019,BTC,5256.98
04-29-2019,BTC,5257.8
04-30-2019,BTC,5199.76
05-01-2019,BTC,5292.8
05-02-2019,BTC,5354.59
05-03-2019,BTC,5450.71
05-04-2019,BTC,5731.49
05-05-2019,BTC,5803.94
05-06-2019,BTC,5749.32
05-07-2019,BTC,5715.76
05-08-2019,BTC,5841.05
05-09-2019,BTC,5957.86
05-10-2019,BTC,6168.27
05-11-2019,BTC,6370.23
05-12-2019,BTC,7258.26
05-13-2019,BTC,6953.75
05-14-2019,BTC,7805.98
05-15-2019,BTC,7990.06
05-16-2019,BTC,8192.22
05-17-2019,BTC,7875.91
05-18-2019,BTC,7343.37
05-19-2019,BTC,7300.66
05-20-2019,BTC,8168.73
05-21-2019,BTC,7976.85
05-22-2019,BTC,7958.37
05-23-2019,BTC,7665.8
05-24-2019,BTC,7861.81
05-25-2019,BTC,7977.24
05-26-2019,BTC,8037.63
05-27-2019,BTC,8631.08
05-28-2019,BTC,8816.03
05-29-2019,BTC,8726.98
05-30-2019,BTC,8650.68
05-31-2019,BTC,8310.89
06-01-2019,BTC,8575.65
06-02-2019,BTC,8554.26
06-03-2019,BTC,8743.71
06-04-2019,BTC,8173.63
06-05-2019,BTC,7683.64
06-06-2019,BTC,7812.45
06-07-2019,BTC,7821.12
06-08-2019,BTC,8036.11
06-09-2019,BTC,7942.54
06-10-2019,BTC,7668.03
06-11-2019,BTC,8002.73
06-12-2019,BTC,7897.98
06-13-2019,BTC,8145.06
06-14-2019,BTC,8227.63
06-15-2019,BTC,8671.51
06-16-2019,BTC,8818.61
06-17-2019,BTC,8978.77
06-18-2019,BTC,9312.87
06-19-2019,BTC,9094.02
06-20-2019,BTC,9285.93
06-21-2019,BTC,9548.31
06-22-2019,BTC,10118.36
06-23-2019,BTC,10704.92
06-24-2019,BTC,10846.13
06-25-2019,BTC,11045.55
06-26-2019,BTC,11808.42
06-27-2019,BTC,12996.12
06-28-2019,BTC,11178.68
06-29-2019,BTC,12352.2
06-30-2019,BTC,11972.56
07-01-2019,BTC,10888.1
07-02-2019,BTC,10639.05
07-03-2019,BTC,10822.76
07-04-2019,BTC,11975.64
07-05-2019,BTC,11229.61
07-06-2019,BTC,10987.25
07-07-2019,BTC,11279.48
07-08-2019,BTC,11436.43
07-09-2019,BTC,12260.28
07-10-2019,BTC,12544.17
07-11-2019,BTC,12166.4
07-12-2019,BTC,11385.06
07-13-2019,BTC,11804.56
07-14-2019,BTC,11418.51
07-15-2019,BTC,10285.46
07-16-2019,BTC,10911.35
07-17-2019,BTC,9538.83
07-18-2019,BTC,9657.3
07-19-2019,BTC,10636.16
07-20-2019,BTC,10536.57
07-21-2019,BTC,10774.28
07-22-2019,BTC,10607.46
07-23-2019,BTC,10343.32
07-24-2019,BTC,9936.38
07-25-2019,BTC,9799.31
07-26-2019,BTC,9878.23
07-27-2019,BTC,9846.0
07-28-2019,BTC,9447.68
07-29-2019,BTC,9534.76
07-30-2019,BTC,9510.59
07-31-2019,BTC,9568.44
08-01-2019,BTC,10063.0
08-02-2019,BTC,10361.31
08-03-2019,BTC,10529.17
08-04-2019,BTC,10791.2
08-05-2019,BTC,10951.59
08-06-2019,BTC,11818.53
08-07-2019,BTC,11510.16
08-08-2019,BTC,11970.66
08-09-2019,BTC,12024.33
08-10-2019,BTC,11852.56
08-11-2019,BTC,11327.84
08-12-2019,BTC,11550.0
08-13-2019,BTC,11381.24
08-14-2019,BTC,10903.65
08-15-2019,BTC,10016.22
08-16-2019,BTC,10295.88
08-17-2019,BTC,10324.99
08-18-2019,BTC,10224.22
08-19-2019,BTC,10309.87
08-20-2019,BTC,10895.97
08-21-2019,BTC,10743.79
08-22-2019,BTC,10124.06
08-23-2019,BTC,10127.79
08-24-2019,BTC,10385.51
08-25-2019,BTC,10145.01
08-26-2019,BTC,10090.06
08-27-2019,BTC,10334.91
08-28-2019,BTC,10167.89
08-29-2019,BTC,9753.49
08-30-2019,BTC,9485.14
08-31-2019,BTC,9588.99
09-01-2019,BTC,9607.29
09-02-2019,BTC,9729.27
09-03-2019,BTC,10323.02
09-04-2019,BTC,10620.17
09-05-2019,BTC,10573.52
09-06-2019,BTC,10570.25
09-07-2019,BTC,10350.75
09-08-2019,BTC,10461.55
09-09-2019,BTC,10404.33
09-10-2019,BTC,10321.93
09-11-2019,BTC,10121.1
09-12-2019,BTC,10150.71
09-13-2019,BTC,10401.32
09-14-2019,BTC,10355.63
09-15-2019,BTC,10349.55
09-16-2019,BTC,10305.68
09-17-2019,BTC,10268.42
09-18-2019,BTC,10203.07
09-19-2019,BTC,10158.85
09-20-2019,BTC,10253.23
09-21-2019,BTC,10178.44
09-22-2019,BTC,9997.2
09-23-2019,BTC,10041.3
09-24-2019,BTC,9699.5
09-25-2019,BTC,8702.71
09-26-2019,BTC,8446.24
09-27-2019,BTC,8098.81
09-28-2019,BTC,8183.48
09-29-2019,BTC,8225.11
09-30-2019,BTC,8064.38
10-01-2019,BTC,8271.29
10-02-2019,BTC,8366.5
10-03-2019,BTC,8350.13
10-04-2019,BTC,8176.35
10-05-2019,BTC,8156.52
10-06-2019,BTC,8140.24
10-07-2019,BTC,7890.23
10-08-2019,BTC,8182.25
10-09-2019,BTC,8180.69
10-10-2019,BTC,8573.06
10-11-2019,BTC,8561.52
10-12-2019,BTC,8277.85
10-13-2019,BTC,8308.47
10-14-2019,BTC,8289.5
10-15-2019,BTC,8347.35
10-16-2019,BTC,8175.86
10-17-2019,BTC,8010.3
10-18-2019,BTC,8079.93
10-19-2019,BTC,7957.31
10-20-2019,BTC,7949.8
10-21-2019,BTC,8208.36
10-22-2019,BTC,8220.92
10-23-2019,BTC,8045.29
10-24-2019,BTC,7468.53
10-25-2019,BTC,7433.92
10-26-2019,BTC,8652.03
10-27-2019,BTC,9217.24
10-28-2019,BTC,9502.02
10-29-2019,BTC,9239.9
10-30-2019,BTC,9407.16
10-31-2019,BTC,9171.87
11-01-2019,BTC,9151.82
11-02-2019,BTC,9233.41
11-03-2019,BTC,9302.83
11-04-2019,BTC,9204.29
11-05-2019,BTC,9378.95
11-06-2019,BTC,9300.37
11-07-2019,BTC,9340.05
11-08-2019,BTC,9221.07
11-09-2019,BTC,8795.9
11-10-2019,BTC,8809.78
11-11-2019,BTC,9043.67
11-12-2019,BTC,8729.92
11-13-2019,BTC,8806.75
11-14-2019,BTC,8770.78
11-15-2019,BTC,8652.03
11-16-2019,BTC,8480.44
11-17-2019,BTC,8496.38
11-18-2019,BTC,8508.5
11-19-2019,BTC,8202.83
11-20-2019,BTC,8138.83
11-21-2019,BTC,8095.87
11-22-2019,BTC,7632.49
11-23-2019,BTC,7293.01
11-24-2019,BTC,7309.69
11-25-2019,BTC,6935.74
11-26-2019,BTC,7118.26
11-27-2019,BTC,7157.68
11-28-2019,BTC,7483.75
11-29-2019,BTC,7438.62
11-30-2019,BTC,7720.87
12-01-2019,BTC,7556.4
12-02-2019,BTC,7405.81
12-03-2019,BTC,7308.98
12-04-2019,BTC,7286.08
12-05-2019,BTC,7209.97
12-06-2019,BTC,7373.78
12-07-2019,BTC,7530.92
12-08-2019,BTC,7493.55
12-09-2019,BTC,7508.32
12-10-2019,BTC,7347.04
12-11-2019,BTC,7233.95
12-12-2019,BTC,7197.43
12-13-2019,BTC,7200.71
12-14-2019,BTC,7247.35
12-15-2019,BTC,7081.74
12-16-2019,BTC,7108.56
12-17-2019,BTC,6901.04
12-18-2019,BTC,6627.16
12-19-2019,BTC,7274.77
12-20-2019,BTC,7152.56
12-21-2019,BTC,7185.44
12-22-2019,BTC,7141.55
12-23-2019,BTC,7488.2
12-24-2019,BTC,7335.21
12-25-2019,BTC,7266.61
12-26-2019,BTC,7204.18
12-27-2019,BTC,7208.49
12-28-2019,BTC,7247.62
12-29-2019,BTC,7307.89
12-30-2019,BTC,7394.03
12-31-2019,BTC,7240.43
01-01-2020,BTC,7195.15
01-02-2020,BTC,7193.75
01-03-2020,BTC,6963.85
01-04-2020,BTC,7300.35
01-05-2020,BTC,7351.38
01-06-2020,BTC,7349.97
01-07-2020,BTC,7734.68
01-08-2020,BTC,8147.42
01-09-2020,BTC,8045.79
01-10-2020,BTC,7832.8
01-11-2020,BTC,8180.51
01-12-2020,BTC,8012.09
01-13-2020,BTC,8171.4
01-14-2020,BTC,8110.65
01-15-2020,BTC,8801.87
01-16-2020,BTC,8820.85
01-17-2020,BTC,8720.92
01-18-2020,BTC,8902.57
01-19-2020,BTC,8906.9
01-20-2020,BTC,8690.38
01-21-2020,BTC,8631.25
01-22-2020,BTC,8724.82
01-23-2020,BTC,8665.44
01-24-2020,BTC,8415.96
01-25-2020,BTC,8432.1
01-26-2020,BTC,8348.67
01-27-2020,BTC,8595.73
01-28-2020,BTC,8879.34
01-29-2020,BTC,9320.81
01-30-2020,BTC,9276.89
01-31-2020,BTC,9509.81
02-01-2020,BTC,9308.06
02-02-2020,BTC,9363.22
02-03-2020,BTC,9338.42
02-04-2020,BTC,9308.91
02-05-2020,BTC,9179.96
02-06-2020,BTC,9592.18
02-07-2020,BTC,9744.64
02-08-2020,BTC,9799.45
02-09-2020,BTC,9890.7
02-10-2020,BTC,10148.38
02-11-2020,BTC,9890.12
02-12-2020,BTC,10226.93
02-13-2020,BTC,10328.9
02-14-2020,BTC,10221.26
02-15-2020,BTC,10320.16
02-16-2020,BTC,9894.14
02-17-2020,BTC,9943.67
02-18-2020,BTC,9723.61
02-19-2020,BTC,10133.82
02-20-2020,BTC,9618.41
02-21-2020,BTC,9608.17
02-22-2020,BTC,9673.01
02-23-2020,BTC,9658.61
02-24-2020,BTC,9946.72
02-25-2020,BTC,9670.96
02-26-2020,BTC,9345.34
02-27-2020,BTC,8801.66
02-28-2020,BTC,8781.18
02-29-2020,BTC,8717.33
03-01-2020,BTC,8552.99
03-02-2020,BTC,8567.8
03-03-2020,BTC,8905.88
03-04-2020,BTC,8756.72
03-05-2020,BTC,8758.65
03-06-2020,BTC,9038.87
03-07-2020,BTC,9135.85
03-08-2020,BTC,8902.2
03-09-2020,BTC,8041.37
03-10-2020,BTC,7921.33
03-11-2020,BTC,7906.73
03-12-2020,BTC,7935.52
03-13-2020,BTC,5142.99
03-14-2020,BTC,5542.82
03-15-2020,BTC,5214.19
03-16-2020,BTC,5397.93
03-17-2020,BTC,5032.5
03-18-2020,BTC,5389.42
03-19-2020,BTC,5376.28
03-20-2020,BTC,6170.2
03-21-2020,BTC,6195.6
03-22-2020,BTC,6145.77
03-23-2020,BTC,5859.65
03-24-2020,BTC,6456.35
03-25-2020,BTC,6730.17
03-26-2020,BTC,6695.9
03-27-2020,BTC,6765.56
03-28-2020,BTC,6397.83
03-29-2020,BTC,6255.0
03-30-2020,BTC,5915.34
03-31-2020,BTC,6403.14
04-01-2020,BTC,6421.71
04-02-2020,BTC,6640.8
04-03-2020,BTC,6807.9
04-04-2020,BTC,6732.85
04-05-2020,BTC,6859.42
04-06-2020,BTC,6788.05
04-07-2020,BTC,7297.64
04-08-2020,BTC,7196.78
04-09-2020,BTC,7342.29
04-10-2020,BTC,7294.49
04-11-2020,BTC,6864.69
04-12-2020,BTC,6878.78
04-13-2020,BTC,6913.16
04-14-2020,BTC,6857.54
04-15-2020,BTC,6860.18
04-16-2020,BTC,6629.43
04-17-2020,BTC,7059.93
04-18-2020,BTC,7035.26
04-19-2020,BTC,7242.51
04-20-2020,BTC,7127.51
04-21-2020,BTC,6856.46
04-22-2020,BTC,6842.04
04-23-2020,BTC,7110.0
04-24-2020,BTC,7382.79
04-25-2020,BTC,7495.39
04-26-2020,BTC,7538.56
04-27-2020,BTC,7683.87
04-28-2020,BTC,7774.28
04-29-2020,BTC,7758.23
04-30-2020,BTC,8744.43
05-01-2020,BTC,8610.64
05-02-2020,BTC,8824.82
05-03-2020,BTC,8966.31
05-04-2020,BTC,8888.67
05-05-2020,BTC,8884.41
05-06-2020,BTC,9003.24
05-07-2020,BTC,9144.69
05-08-2020,BTC,9959.17
05-09-2020,BTC,9821.81
05-10-2020,BTC,9566.78
05-11-2020,BTC,8752.62
05-12-2020,BTC,8604.75
05-13-2020,BTC,8788.47
05-14-2020,BTC,9283.09
05-15-2020,BTC,9796.49
05-16-2020,BTC,9309.3
05-17-2020,BTC,9375.3
05-18-2020,BTC,9666.33
05-19-2020,BTC,9708.44
05-20-2020,BTC,9760.2
05-21-2020,BTC,9526.51
05-22-2020,BTC,9059.96
05-23-2020,BTC,9131.77
05-24-2020,BTC,9170.36
05-25-2020,BTC,8731.85
05-26-2020,BTC,8883.69
05-27-2020,BTC,8839.13
05-28-2020,BTC,9174.12
05-29-2020,BTC,9546.05
05-30-2020,BTC,9427.12
05-31-2020,BTC,9662.71
06-01-2020,BTC,9466.96
06-02-2020,BTC,10167.93
06-03-2020,BTC,9515.24
06-04-2020,BTC,9645.23
06-05-2020,BTC,9776.2
06-06-2020,BTC,9636.97
06-07-2020,BTC,9662.86
06-08-2020,BTC,9738.6
06-09-2020,BTC,9773.03
06-10-2020,BTC,9767.01
06-11-2020,BTC,9874.9
06-12-2020,BTC,9326.0
06-13-2020,BTC,9469.53
06-14-2020,BTC,9469.47
06-15-2020,BTC,9345.96
06-16-2020,BTC,9431.72
06-17-2020,BTC,9524.93
06-18-2020,BTC,9463.36
06-19-2020,BTC,9399.77
06-20-2020,BTC,9312.78
06-21-2020,BTC,9360.25
06-22-2020,BTC,9298.36
06-23-2020,BTC,9678.68
06-24-2020,BTC,9624.68
06-25-2020,BTC,9288.06
06-26-2020,BTC,9258.67
06-27-2020,BTC,9166.49
06-28-2020,BTC,9013.91
06-29-2020,BTC,9139.9
06-30-2020,BTC,9185.17
07-01-2020,BTC,9149.72
07-02-2020,BTC,9230.67
07-03-2020,BTC,9094.32
07-04-2020,BTC,9071.39
07-05-2020,BTC,9132.91
07-06-2020,BTC,9087.41
07-07-2020,BTC,9342.38
07-08-2020,BTC,9253.63
07-09-2020,BTC,9432.17
07-10-2020,BTC,9235.72
07-11-2020,BTC,9282.91
07-12-2020,BTC,9234.31
07-13-2020,BTC,9297.48
07-14-2020,BTC,9240.76
07-15-2020,BTC,9247.06
07-16-2020,BTC,9203.37
07-17-2020,BTC,9136.48
07-18-2020,BTC,9156.28
07-19-2020,BTC,9168.4
07-20-2020,BTC,9202.62
07-21-2020,BTC,9163.16
07-22-2020,BTC,9384.38
07-23-2020,BTC,9514.3
07-24-2020,BTC,9589.82
07-25-2020,BTC,9535.94
07-26-2020,BTC,9691.83
07-27-2020,BTC,9925.75
07-28-2020,BTC,10962.26
07-29-2020,BTC,10904.92
07-30-2020,BTC,11093.61
07-31-2020,BTC,11116.31
08-01-2020,BTC,11325.55
08-02-2020,BTC,11812.09
08-03-2020,BTC,11066.31
08-04-2020,BTC,11230.91
08-05-2020,BTC,11181.92
08-06-2020,BTC,11719.26
08-07-2020,BTC,11768.13
08-08-2020,BTC,11571.49
08-09-2020,BTC,11739.13
08-10-2020,BTC,11682.85
08-11-2020,BTC,11862.94
08-12-2020,BTC,11398.67
08-13-2020,BTC,11579.87
08-14-2020,BTC,11817.16
08-15-2020,BTC,11777.39
08-16-2020,BTC,11864.91
08-17-2020,BTC,11901.78
08-18-2020,BTC,12272.47
08-19-2020,BTC,11949.61
08-20-2020,BTC,11733.28
08-21-2020,BTC,11861.84
08-22-2020,BTC,11515.12
08-23-2020,BTC,11676.39
08-24-2020,BTC,11647.93
08-25-2020,BTC,11758.83
08-26-2020,BTC,11350.75
08-27-2020,BTC,11465.0
08-28-2020,BTC,11300.4
08-29-2020,BTC,11519.12
08-30-2020,BTC,11481.48
08-31-2020,BTC,11701.0
09-01-2020,BTC,11672.32
09-02-2020,BTC,11895.23
09-03-2020,BTC,11418.25
09-04-2020,BTC,10197.46
09-05-2020,BTC,10484.47
09-06-2020,BTC,10177.79
09-07-2020,BTC,10260.02
09-08-2020,BTC,10359.45
09-09-2020,BTC,10125.01
09-10-2020,BTC,10230.15
09-11-2020,BTC,10342.16
09-12-2020,BTC,10378.22
09-13-2020,BTC,10439.38
09-14-2020,BTC,10328.87
09-15-2020,BTC,10661.1
09-16-2020,BTC,10787.58
09-17-2020,BTC,10952.25
09-18-2020,BTC,10938.0
09-19-2020,BTC,10927.15
09-20-2020,BTC,11084.0
09-21-2020,BTC,10923.33
09-22-2020,BTC,10439.52
09-23-2020,BTC,10527.59
09-24-2020,BTC,10223.78
09-25-2020,BTC,10726.53
09-26-2020,BTC,10681.99
09-27-2020,BTC,10743.19
09-28-2020,BTC,10765.3
09-29-2020,BTC,10672.03
09-30-2020,BTC,10837.52
10-01-2020,BTC,10770.88
10-02-2020,BTC,10627.98
10-03-2020,BTC,10572.67
10-04-2020,BTC,10546.66
10-05-2020,BTC,10670.7
10-06-2020,BTC,10784.95
10-07-2020,BTC,10605.96
10-08-2020,BTC,10668.01
10-09-2020,BTC,10888.67
10-10-2020,BTC,11063.25
10-11-2020,BTC,11286.54
10-12-2020,BTC,11377.81
10-13-2020,BTC,11543.18
10-14-2020,BTC,11426.11
10-15-2020,BTC,11435.57
10-16-2020,BTC,11495.58
10-17-2020,BTC,11319.1
10-18-2020,BTC,11365.81
10-19-2020,BTC,11495.9
10-20-2020,BTC,11752.15
10-21-2020,BTC,11908.71
10-22-2020,BTC,12806.44
10-23-2020,BTC,12951.04
10-24-2020,BTC,12928.07
10-25-2020,BTC,13106.05
10-26-2020,BTC,13021.41
10-27-2020,BTC,13060.79
10-28-2020,BTC,13655.19
10-29-2020,BTC,13283.0
10-30-2020,BTC,13441.88
10-31-2020,BTC,13537.17
11-01-2020,BTC,13778.64
11-02-2020,BTC,13720.36
11-03-2020,BTC,13558.36
11-04-2020,BTC,13989.98
11-05-2020,BTC,14101.72
11-06-2020,BTC,15553.33
11-07-2020,BTC,15548.31
11-08-2020,BTC,14818.46
11-09-2020,BTC,15496.32
11-10-2020,BTC,15335.34
11-11-2020,BTC,15278.71
11-12-2020,BTC,15686.91
11-13-2020,BTC,16265.15
11-14-2020,BTC,16326.81
11-15-2020,BTC,16095.56
11-16-2020,BTC,15984.67
11-17-2020,BTC,16714.4
11-18-2020,BTC,17651.82
11-19-2020,BTC,17829.93
11-20-2020,BTC,17819.76
11-21-2020,BTC,18628.81
11-22-2020,BTC,18689.53
11-23-2020,BTC,18390.61
11-24-2020,BTC,18360.69
11-25-2020,BTC,19091.52
11-26-2020,BTC,18753.29
11-27-2020,BTC,17138.03
11-28-2020,BTC,17140.28
11-29-2020,BTC,17718.97
11-30-2020,BTC,18169.95
12-01-2020,BTC,19609.52
12-02-2020,BTC,18857.42
12-03-2020,BTC,19208.4
12-04-2020,BTC,19435.2
12-05-2020,BTC,18711.23
12-06-2020,BTC,19139.11
12-07-2020,BTC,19325.55
12-08-2020,BTC,19198.81
12-09-2020,BTC,18336.51
12-10-2020,BTC,18564.99
12-11-2020,BTC,18262.06
12-12-2020,BTC,18058.03
12-13-2020,BTC,18807.1
12-14-2020,BTC,19151.13
12-15-2020,BTC,19259.97
12-16-2020,BTC,19432.36
12-17-2020,BTC,21317.66
12-18-2020,BTC,22805.66
12-19-2020,BTC,23120.57
12-20-2020,BTC,23863.85
12-21-2020,BTC,23518.32
12-22-2020,BTC,22840.99
12-23-2020,BTC,23794.79
12-24-2020,BTC,23308.13
12-25-2020,BTC,23760.29
12-26-2020,BTC,24671.11
12-27-2020,BTC,26476.13
12-28-2020,BTC,26423.23
12-29-2020,BTC,27125.38
12-30-2020,BTC,27424.54
12-31-2020,BTC,28837.29
01-01-2021,BTC,29022.42
01-02-2021,BTC,29352.13
01-03-2021,BTC,32163.82
01-04-2021,BTC,33008.23
01-05-2021,BTC,31515.58
01-06-2021,BTC,34082.21
01-07-2021,BTC,36933.52
01-08-2021,BTC,39547.08
01-09-2021,BTC,40815.96
01-10-2021,BTC,40296.53
01-11-2021,BTC,38397.9
01-12-2021,BTC,35669.91
01-13-2021,BTC,33938.34
01-14-2021,BTC,37456.01
01-15-2021,BTC,39232.75
01-16-2021,BTC,36787.52
01-17-2021,BTC,36254.71
01-18-2021,BTC,35804.26
01-19-2021,BTC,36595.46
01-20-2021,BTC,36104.86
01-21-2021,BTC,35587.49
01-22-2021,BTC,30913.7
01-23-2021,BTC,32957.91
01-24-2021,BTC,32068.09
01-25-2021,BTC,32273.52
01-26-2021,BTC,32375.32
01-27-2021,BTC,32582.11
01-28-2021,BTC,30445.53
01-29-2021,BTC,33128.35
01-30-2021,BTC,34150.82
01-31-2021,BTC,34199.52
02-01-2021,BTC,33064.79
02-02-2021,BTC,33405.99
02-03-2021,BTC,35485.99
02-04-2021,BTC,37494.72
02-05-2021,BTC,36816.51
02-06-2021,BTC,38007.83
02-07-2021,BTC,39279.41
02-08-2021,BTC,38833.34
02-09-2021,BTC,46307.57
02-10-2021,BTC,46569.56
02-11-2021,BTC,44848.69
02-12-2021,BTC,47815.96
02-13-2021,BTC,47414.19
02-14-2021,BTC,46941.29
02-15-2021,BTC,48607.87
02-16-2021,BTC,47898.49
02-17-2021,BTC,49238.14
02-18-2021,BTC,52143.68
02-19-2021,BTC,51733.08
02-20-2021,BTC,56038.73
02-21-2021,BTC,56377.63
02-22-2021,BTC,57669.3
02-23-2021,BTC,54410.86
02-24-2021,BTC,48691.89
02-25-2021,BTC,49849.38
02-26-2021,BTC,46992.67
02-27-2021,BTC,46551.49
02-28-2021,BTC,46653.53
03-01-2021,BTC,44970.16
03-02-2021,BTC,49787.34
03-03-2021,BTC,48532.24
03-04-2021,BTC,50577.46
03-05-2021,BTC,48727.45
03-06-2021,BTC,49091.81
03-07-2021,BTC,49019.37
03-08-2021,BTC,51313.09
03-09-2021,BTC,52328.54
03-10-2021,BTC,54700.27
03-11-2021,BTC,56020.49
03-12-2021,BTC,57788.87
03-13-2021,BTC,57353.86
03-14-2021,BTC,61315.2
03-15-2021,BTC,59428.97
03-16-2021,BTC,55805.33
03-17-2021,BTC,56830.25
03-18-2021,BTC,59014.93
03-19-2021,BTC,57922.41
03-20-2021,BTC,58243.27
03-21-2021,BTC,58376.16
03-22-2021,BTC,57573.54
03-23-2021,BTC,54370.14
03-24-2021,BTC,54584.87
03-25-2021,BTC,52526.87
03-26-2021,BTC,51416.91
03-27-2021,BTC,55033.1
03-28-2021,BTC,55832.42
03-29-2021,BTC,55728.1
03-30-2021,BTC,57634.93
03-31-2021,BTC,58668.63
04-01-2021,BTC,58817.37
04-02-2021,BTC,58801.19
04-03-2021,BTC,59060.03
04-04-2021,BTC,57060.41
04-05-2021,BTC,58228.8
04-06-2021,BTC,58706.82
04-07-2021,BTC,58062.18
04-08-2021,BTC,56134.42
04-09-2021,BTC,58065.64
04-10-2021,BTC,58152.99
04-11-2021,BTC,59979.39
04-12-2021,BTC,59988.02
04-13-2021,BTC,59911.02
04-14-2021,BTC,63576.68
04-15-2021,BTC,62807.12
04-16-2021,BTC,63179.77
04-17-2021,BTC,61497.3
04-18-2021,BTC,60273.87
04-19-2021,BTC,56288.95
04-20-2021,BTC,55721.17
04-21-2021,BTC,56294.73
04-22-2021,BTC,54190.07
04-23-2021,BTC,51965.57
04-24-2021,BTC,51191.12
04-25-2021,BTC,50133.11
04-26-2021,BTC,48981.44
04-27-2021,BTC,53978.81
04-28-2021,BTC,54991.81
04-29-2021,BTC,54810.61
04-30-2021,BTC,53596.7
05-01-2021,BTC,57828.51
05-02-2021,BTC,57812.97
05-03-2021,BTC,56600.75
05-04-2021,BTC,57200.3
05-05-2021,BTC,53464.37
05-06-2021,BTC,57432.1
05-07-2021,BTC,56507.76
05-08-2021,BTC,57361.57
05-09-2021,BTC,58771.88
05-10-2021,BTC,58213.93
05-11-2021,BTC,55901.67
05-12-2021,BTC,56928.97
05-13-2021,BTC,50004.76
05-14-2021,BTC,49972.8
05-15-2021,BTC,49913.26
05-16-2021,BTC,46780.9
05-17-2021,BTC,46585.06
05-18-2021,BTC,43780.83
05-19-2021,BTC,43091.04
05-20-2021,BTC,37287.39
05-21-2021,BTC,40437.73
05-22-2021,BTC,37339.63
05-23-2021,BTC,37520.32
05-24-2021,BTC,34977.53
05-25-2021,BTC,38642.44
05-26-2021,BTC,38210.81
05-27-2021,BTC,39406.93
05-28-2021,BTC,38642.9
05-29-2021,BTC,35710.22
05-30-2021,BTC,34775.08
05-31-2021,BTC,35714.75
06-01-2021,BTC,37340.68
06-02-2021,BTC,36680.07
06-03-2021,BTC,37685.72
06-04-2021,BTC,39151.32
06-05-2021,BTC,36938.72
06-06-2021,BTC,35546.99
06-07-2021,BTC,35834.47
06-08-2021,BTC,33451.38
06-09-2021,BTC,33557.15
06-10-2021,BTC,37553.64
06-11-2021,BTC,36903.3
06-12-2021,BTC,37289.43
06-13-2021,BTC,35666.15
06-14-2021,BTC,39147.71
06-15-2021,BTC,40624.51
06-16-2021,BTC,40378.2
06-17-2021,BTC,38321.45
06-18-2021,BTC,38193.62
06-19-2021,BTC,35881.11
06-20-2021,BTC,35581.64
06-21-2021,BTC,35787.08
06-22-2021,BTC,31711.94
06-23-2021,BTC,32507.74
06-24-2021,BTC,33702.62
06-25-2021,BTC,34675.45
06-26-2021,BTC,31943.14
06-27-2021,BTC,32023.97
06-28-2021,BTC,34607.29
06-29-2021,BTC,34556.84
06-30-2021,BTC,35968.99
07-01-2021,BTC,35171.49
07-02-2021,BTC,33677.57
07-03-2021,BTC,33950.79
07-04-2021,BTC,34729.89
07-05-2021,BTC,35394.21
07-06-2021,BTC,33928.13
07-07-2021,BTC,34149.99
07-08-2021,BTC,33932.25
07-09-2021,BTC,32933.58
07-10-2021,BTC,33971.3
07-11-2021,BTC,33704.54
07-12-2021,BTC,34299.94
07-13-2021,BTC,33262.65
07-14-2021,BTC,32676.38
07-15-2021,BTC,32878.5
07-16-2021,BTC,31726.04
07-17-2021,BTC,31399.65
07-18-2021,BTC,31588.67
07-19-2021,BTC,31919.39
07-20-2021,BTC,30928.21
07-21-2021,BTC,29971.9
07-22-2021,BTC,32383.78
07-23-2021,BTC,32409.5
07-24-2021,BTC,33455.55
07-25-2021,BTC,34213.6
07-26-2021,BTC,35456.12
07-27-2021,BTC,37281.92
07-28-2021,BTC,39076.59
07-29-2021,BTC,40031.2
07-30-2021,BTC,39977.76
07-31-2021,BTC,41936.26
08-01-2021,BTC,41754.17
08-02-2021,BTC,39914.83
08-03-2021,BTC,39278.77
08-04-2021,BTC,38368.35
08-05-2021,BTC,39751.58
08-06-2021,BTC,40825.38
08-07-2021,BTC,42802.14
08-08-2021,BTC,44647.58
08-09-2021,BTC,43753.22
08-10-2021,BTC,46311.0
08-11-2021,BTC,45639.51
08-12-2021,BTC,45652.06
08-13-2021,BTC,44495.21
08-14-2021,BTC,47717.27
08-15-2021,BTC,47088.85
08-16-2021,BTC,47025.0
08-17-2021,BTC,46031.76
08-18-2021,BTC,44534.45
08-19-2021,BTC,45015.47
08-20-2021,BTC,46745.03
08-21-2021,BTC,49195.88
08-22-2021,BTC,48933.69
08-23-2021,BTC,49250.54
08-24-2021,BTC,49518.58
08-25-2021,BTC,47940.61
08-26-2021,BTC,49002.7
08-27-2021,BTC,47229.07
08-28-2021,BTC,49083.1
08-29-2021,BTC,48936.54
08-30-2021,BTC,48907.27
08-31-2021,BTC,47124.25
09-01-2021,BTC,47335.42
09-02-2021,BTC,48823.06
09-03-2021,BTC,49338.78
09-04-2021,BTC,49934.53
09-05-2021,BTC,50013.03
09-06-2021,BTC,51696.21
09-07-2021,BTC,47207.32